,Unnamed: 0,id,name,created_at,location,statuses_count,followers_count,favourites_count,friends_count,lang,sex_code,lang_code,prediction,class
0,0,100003743060504,Yedu Krishnan,8548.0,866.0,638.0,2.0,20.0,901.0,9,0.0,9,0,Fake
1,1,100044684046685,"India Hack
(Genius)",8548.0,1096.0,1280.0,293.0,304.0,1416.0,9,-2.0,9,0,Fake
2,2,100047598526509,India Hack,8548.0,1577.0,298.0,136.0,234.0,636.0,9,-2.0,9,0,Fake
3,3,100049370744687,India Hack,8548.0,1665.0,859.0,181.0,293.0,2.0,9,-2.0,9,0,Fake
4,4,100050676438496,Jain Jain,8548.0,1442.0,400.0,637.0,424.0,67.0,9,0.0,9,0,Fake
5,5,100051309554193,India Hack,8548.0,1335.0,186.0,633.0,160.0,199.0,9,-2.0,9,0,Fake
6,6,100053835635975,India Hack,8548.0,1254.0,213.0,315.0,2.0,678.0,9,-2.0,9,0,Fake
7,7,100045022630056,India Hack,8548.0,844.0,649.0,767.0,575.0,49.0,9,-2.0,9,0,Fake
8,8,100019142274391,India Hack,8548.0,1184.0,907.0,141.0,575.0,1.0,9,-2.0,9,0,Fake
9,9,100050640150860,India Hack,8548.0,1172.0,18810.0,127.0,463.0,530.0,9,-2.0,9,0,Fake
10,10,100050671903049,India Hack,8548.0,1015.0,4504.0,77.0,25.0,80.0,9,-2.0,9,0,Fake
11,11,100053577075447,India Hack,8548.0,1626.0,129.0,866.0,769.0,399.0,9,-2.0,9,0,Fake
12,12,100052256752113,India Hack,8548.0,1496.0,3800.0,937.0,123.0,668.0,9,-2.0,9,0,Fake
13,13,100052423724696,India Hack,8548.0,1188.0,2568.0,172.0,400.0,230.0,9,-2.0,9,0,Fake
14,14,100020024089648,India Hack,8548.0,1017.0,6720.0,333.0,498.0,380.0,9,-2.0,9,0,Fake
15,15,100044409815236,India Hack,8548.0,1124.0,847.0,373.0,305.0,1.0,9,-2.0,9,0,Fake
16,16,100028826285329,India Hack,8548.0,1156.0,17.0,42.0,9395.0,1020.0,9,-2.0,9,0,Fake
17,17,100052414815311,India Hack,8548.0,1331.0,879.0,775.0,402.0,58.0,9,-2.0,9,0,Fake
18,18,100048603915328,India Hack,8548.0,1659.0,36.0,780.0,2.0,155.0,9,-2.0,9,0,Fake
19,19,100031440528947,India Hack,8548.0,784.0,540.0,505.0,285.0,826.0,9,-2.0,9,0,Fake
20,20,100041920838251,India Hack,8548.0,1597.0,32223.0,2818.0,272.0,408.0,9,-2.0,9,1,Genuine
21,21,100042340701033,India Hack,8548.0,798.0,798.0,834.0,470.0,18.0,9,-2.0,9,1,Genuine
22,22,100047559410325,India Hack,8548.0,1467.0,67.0,642.0,13.0,92.0,9,-2.0,9,0,Fake
23,23,100038930563118,India Hack,8548.0,1534.0,35.0,710.0,571.0,272.0,9,-2.0,9,0,Fake
24,24,100054397841571,India Hack,8548.0,874.0,440.0,525.0,20.0,3.0,9,-2.0,9,0,Fake
25,25,100054786331362,India Hack,8548.0,1633.0,978.0,392.0,511.0,1.0,9,-2.0,9,0,Fake
26,26,100044797102769,India Hack,8548.0,1345.0,2541.0,641.0,2620.0,75.0,9,-2.0,9,0,Fake
27,27,100020233463362,India Hack,8548.0,1243.0,16343.0,105.0,1015.0,6.0,9,-2.0,9,0,Fake
28,28,100046767310729,India Hack,8548.0,801.0,334.0,492.0,899.0,1.0,9,-2.0,9,0,Fake
29,29,100048218232666,India Hack,8548.0,693.0,494.0,187.0,503.0,11.0,9,-2.0,9,0,Fake
30,30,100053989712117,India Hack,8548.0,867.0,848.0,833.0,623.0,1.0,9,-2.0,9,0,Fake
31,31,100048835202467,India Hack,8548.0,919.0,806.0,834.0,932.0,3.0,9,-2.0,9,1,Genuine
32,32,100054002062111,India Hack,8548.0,1061.0,65.0,345.0,570.0,16.0,9,-2.0,9,0,Fake
33,33,100050512658840,India Hack,8548.0,1620.0,630.0,270.0,9.0,11.0,9,-2.0,9,0,Fake
34,34,100053081680924,India Hack,8548.0,1477.0,4323.0,115.0,780.0,159.0,9,-2.0,9,1,Genuine
35,35,100053112383852,India Hack,8548.0,1566.0,543.0,582.0,867.0,22.0,9,-2.0,9,1,Genuine
36,36,100053235541139,India Hack,8548.0,883.0,70.0,204.0,330.0,19.0,9,-2.0,9,1,Genuine
37,37,100043415204689,India Hack,8548.0,989.0,962.0,538.0,926.0,5.0,9,-2.0,9,1,Genuine
38,38,100051200142456,India Hack,8548.0,1201.0,213.0,410.0,774.0,7.0,9,-2.0,9,1,Genuine
39,39,100051237472771,India Hack,8548.0,1405.0,578.0,270.0,207.0,16.0,9,-2.0,9,0,Fake
40,40,100053139251425,India Hack,8548.0,1572.0,269.0,611.0,716.0,10.0,9,-2.0,9,0,Fake
41,41,100053364024360,India Hack,8548.0,1374.0,606.0,1403.0,806.0,555.0,9,-2.0,9,1,Genuine
42,42,100053588924421,India Hack,8548.0,1615.0,5091.0,183.0,483.0,302.0,9,-2.0,9,0,Fake
43,43,100053234093514,India Hack,8548.0,1254.0,524.0,1192.0,412.0,396.0,9,-2.0,9,0,Fake
44,44,100043681128561,India Hack,8548.0,1678.0,684.0,264.0,1283.0,340.0,9,-2.0,9,0,Fake
45,45,100022667810501,India Hack,8548.0,1280.0,588.0,233.0,212.0,1.0,9,-2.0,9,0,Fake
46,46,100007557334887,India Hack,8548.0,1618.0,63.0,1503.0,470.0,565.0,9,-2.0,9,1,Genuine
47,47,100022706116406,India Hack,8548.0,979.0,462.0,535.0,515.0,1.0,9,-2.0,9,0,Fake
48,48,100022692497991,India Hack,8548.0,1422.0,432.0,50.0,913.0,1.0,9,-2.0,9,1,Genuine
49,49,100053952383929,India Hack,8548.0,1347.0,874.0,286.0,198.0,5.0,9,-2.0,9,1,Genuine
50,50,100053485114602,India Hack,8548.0,1508.0,70.0,611.0,623.0,35.0,9,-2.0,9,1,Genuine
51,51,100046635200929,India Hack,8548.0,883.0,460.0,1169.0,263.0,1842.0,9,-2.0,9,0,Fake
52,52,100040595751310,India Hack,8548.0,1212.0,741.0,345.0,1005.0,639.0,9,-2.0,9,1,Genuine
53,53,100044469855588,India Hack,8548.0,1157.0,4149.0,258.0,911.0,2744.0,9,-2.0,9,0,Fake
54,54,100042191324406,India Hack,8548.0,893.0,417.0,207.0,294.0,11.0,9,-2.0,9,0,Fake
55,55,100053927085618,India Hack,8548.0,1563.0,381.0,71.0,912.0,3.0,9,-2.0,9,0,Fake
56,56,100051857256306,India Hack,8548.0,1071.0,676.0,925.0,703.0,2.0,9,-2.0,9,0,Fake
57,57,100053491327621,India Hack,8548.0,1653.0,278.0,60.0,224.0,49.0,9,-2.0,9,0,Fake
58,58,100051919642275,India Hack,8548.0,794.0,1105.0,68.0,0.0,361.0,9,-2.0,9,0,Fake
59,59,100051919642275,India Hack,8548.0,925.0,1451.0,358.0,199.0,1627.0,9,-2.0,9,0,Fake
60,60,100047278098844,India Hack,8548.0,826.0,206.0,543.0,850.0,3.0,9,-2.0,9,0,Fake
61,61,100050361383979,India Hack,8548.0,1294.0,593.0,909.0,189.0,3.0,9,-2.0,9,0,Fake
62,62,100051923114622,India Hack,8548.0,833.0,79.0,678.0,52.0,732.0,9,-2.0,9,0,Fake
63,63,100043885730646,India Hack,8548.0,1650.0,0.0,554.0,519.0,48.0,9,-2.0,9,0,Fake
64,64,100050968607434,India Hack,8548.0,1536.0,149.0,469.0,59.0,656.0,9,-2.0,9,0,Fake
65,65,100050667796471,India Hack,8548.0,1541.0,573.0,651.0,503.0,1.0,9,-2.0,9,0,Fake
66,66,100048328351612,India Hack,8548.0,1276.0,486.0,863.0,167.0,1.0,9,-2.0,9,0,Fake
67,67,100048689406102,India Hack,8548.0,1671.0,26713.0,651.0,1634.0,245.0,9,-2.0,9,0,Fake
68,68,100049648055972,India Hack,8548.0,1560.0,864.0,35.0,181.0,1.0,9,-2.0,9,0,Fake
69,69,100048893448162,India Hack,8548.0,688.0,140.0,852.0,59.0,708.0,9,-2.0,9,0,Fake
70,70,100049870187854,India Hack,8548.0,781.0,1365.0,27.0,57.0,774.0,9,-2.0,9,0,Fake
71,71,100050418545586,India Hack,8548.0,817.0,863.0,284.0,1740.0,540.0,9,-2.0,9,0,Fake
72,72,100048421866492,India Hack,8548.0,1514.0,3907.0,5027.0,46.0,703.0,9,-2.0,9,0,Fake
73,73,100048600638808,India Hack,8548.0,736.0,13511.0,2221.0,2332.0,138.0,9,-2.0,9,0,Fake
74,74,100045107711179,India Hack,8548.0,961.0,428.0,369.0,19.0,648.0,9,-2.0,9,0,Fake
75,75,100043910463565,India Hack,8548.0,1303.0,394.0,348.0,368.0,2.0,9,-2.0,9,0,Fake
76,76,100042002191580,India Hack,8548.0,1178.0,81.0,209.0,14.0,352.0,9,-2.0,9,0,Fake
77,77,100022740671790,India Hack,8548.0,1372.0,192.0,196.0,938.0,1.0,9,-2.0,9,0,Fake
78,78,100042142565355,India Hack,8548.0,780.0,347.0,547.0,222.0,1524.0,9,-2.0,9,0,Fake
79,79,100045466710393,India Hack,8548.0,1155.0,20370.0,85.0,163.0,34.0,9,-2.0,9,0,Fake
80,80,100042997254067,India Hack,8548.0,743.0,3553.0,1531.0,1562.0,368.0,9,-2.0,9,0,Fake
81,81,100042988033292,India Hack,8548.0,1006.0,18470.0,353.0,11277.0,151.0,9,-2.0,9,0,Fake
82,82,100043762037808,India Hack,8548.0,1371.0,3450.0,3335.0,266.0,1743.0,9,-2.0,9,0,Fake
83,83,100050196405669,India Hack,8548.0,1354.0,263.0,864.0,702.0,16.0,9,-2.0,9,0,Fake
84,84,100046518709661,India Hack,8548.0,1204.0,963.0,255.0,59.0,10.0,9,-2.0,9,0,Fake
85,85,100043070086948,India Hack,8548.0,985.0,80.0,588.0,782.0,9.0,9,-2.0,9,0,Fake
86,86,100045087851978,India Hack,8548.0,1532.0,767.0,657.0,500.0,2.0,9,-2.0,9,0,Fake
87,87,100047232130944,Sʌɩʆ Aɭɩ,8548.0,771.0,2368.0,1341.0,1492.0,130.0,9,0.0,9,0,Fake
88,88,100046741565699,India Hack,8548.0,1101.0,133.0,697.0,707.0,198.0,9,-2.0,9,0,Fake
89,89,100049948085647,India Pubg Hack,8548.0,739.0,9372.0,144.0,5.0,86.0,9,-2.0,9,0,Fake
90,90,100035272986245,India Hàçk,8548.0,1061.0,437.0,58.0,95.0,532.0,9,-2.0,9,1,Genuine
91,91,100026049637445,Bhæt Sàmìūllæh,8548.0,962.0,168.0,13.0,123.0,100.0,9,0.0,9,0,Fake
92,92,100005030113150,"Рззгжаба Ддфѓв
(ÐesTroy'urHeart-ııŋAfewsecoŋdx HeavenThəmoşt'WąŋTəd Tıger Fţ-Kīŋg)",8548.0,1400.0,18810.0,256.0,103.0,309.0,9,0.0,9,1,Genuine
93,93,100054508431987,با سط,8548.0,1417.0,338.0,422.0,466.0,344.0,9,0.0,9,0,Fake
94,94,100007459426566,"Prince Raj Prince
(Iñďià Ki-Ħar'Laɽki JâlaÿGi'Jab-MeɽiGirlfrnd Męɽe'Sâth-ChâleGi)",8548.0,1209.0,2077.0,1272.0,1700.0,2182.0,9,2.0,9,0,Fake
95,95,100006793055665,"SHamim JB
(Sam)",8548.0,1403.0,4447.0,246.0,156.0,256.0,9,2.0,9,1,Genuine
96,96,100009664638305,Sameer Lone,8548.0,783.0,1029.0,16.0,186.0,174.0,9,2.0,9,0,Fake
97,97,100008208970380,"De Kâ
( SuRaj Deká)",8548.0,1410.0,3987.0,4175.0,4659.0,4809.0,9,0.0,9,0,Fake
98,98,100006359597609,Agrawal Harshit,8548.0,914.0,1344.0,1903.0,1813.0,2135.0,9,0.0,9,1,Genuine
99,99,100006939633365,Saawan Rathor,8548.0,1541.0,13716.0,1082.0,14.0,1020.0,9,0.0,9,0,Fake
100,100,100039944810761,Insta Hack,8548.0,1586.0,13.0,536.0,10.0,427.0,9,0.0,9,0,Fake
101,101,100054128452091,Hackers India,8548.0,1394.0,351.0,464.0,108.0,225.0,9,0.0,9,0,Fake
102,102,100051303830640,India Hackers,8548.0,758.0,141.0,818.0,151.0,3.0,9,-2.0,9,0,Fake
103,103,100022850078951,"Hackers India
(Hackers dance company )",8548.0,973.0,873.0,1203.0,985.0,1232.0,9,0.0,9,0,Fake
104,104,100046635200929,India Hack,8548.0,1270.0,1260.0,28.0,77.0,1974.0,9,-2.0,9,1,Genuine
105,105,100050073431596,"Os Hack
(hacker technology)",8548.0,1642.0,10451.0,108.0,1697.0,149.0,9,0.0,9,0,Fake
106,106,100053136399259,Hackroze India,8548.0,1082.0,435.0,822.0,324.0,1.0,9,0.0,9,0,Fake
107,107,100050305125719,Dedsec Hack,8548.0,1329.0,4145.0,345.0,340.0,995.0,9,0.0,9,0,Fake
108,108,100041848868313,Intan,8548.0,1265.0,3627.0,582.0,375.0,615.0,9,0.0,9,0,Fake
109,109,100053687946978,Flash Hack,8548.0,1076.0,92.0,227.0,253.0,424.0,9,0.0,9,1,Genuine
110,110,100004078931122,Vivek Vimal,8548.0,1072.0,14010.0,165.0,1209.0,16.0,9,2.0,9,0,Fake
111,111,100002665526760,Pooja Rawat,8548.0,1411.0,2222.0,469.0,458.0,38.0,9,-2.0,9,0,Fake
112,112,100050860153925,Legends Hack,8548.0,1248.0,508.0,188.0,147.0,9.0,9,0.0,9,0,Fake
113,113,100044446639197,Heart Hack,8548.0,1670.0,8966.0,325.0,894.0,1027.0,9,0.0,9,0,Fake
114,114,100003321610912,Jatin Kohli,8548.0,1444.0,649.0,1402.0,331.0,39.0,9,0.0,9,0,Fake
115,115,100036676747298,Hackers Hack,8548.0,1074.0,38.0,246.0,277.0,614.0,9,0.0,9,0,Fake
116,116,100050639405590,Haan Medha,8548.0,1196.0,285.0,691.0,289.0,41.0,9,0.0,9,0,Fake
117,117,100024376100917,"Naaz Hàçk
(Cute Giřłę)",8548.0,725.0,3110.0,76.0,50.0,57.0,9,0.0,9,0,Fake
118,118,100030816520162,Wadu Hack,8548.0,1433.0,716.0,342.0,251.0,258.0,9,0.0,9,0,Fake
119,119,100012444273102,"Adé Hack
(Le generale)",8548.0,1259.0,10320.0,478.0,723.0,215.0,9,0.0,9,0,Fake
120,120,100005833176074,Windy Hack,8548.0,1435.0,884.0,670.0,114.0,7.0,9,-2.0,9,0,Fake
121,121,100009342895651,"Danger India
(hacker)",8548.0,923.0,1672.0,326.0,94.0,706.0,9,0.0,9,0,Fake
122,122,100044040534234,Boyfinday Hack,8548.0,1397.0,437.0,13.0,935.0,2.0,9,0.0,9,0,Fake
123,123,100053273472351,Hëårt Hāçk,8548.0,779.0,313.0,54.0,935.0,53.0,9,0.0,9,0,Fake
124,124,100051850875033,Young Hack,8548.0,1211.0,780.0,167.0,558.0,11.0,9,-1.0,9,0,Fake
125,125,100046382555637,Hrt Hack,8548.0,1555.0,810.0,713.0,201.0,85.0,9,0.0,9,0,Fake
126,126,100006528375198,Zoya Hack,8548.0,1110.0,279.0,901.0,893.0,1.0,9,-2.0,9,0,Fake
127,127,100052149960379,Pro Hack,8548.0,1147.0,4359.0,1707.0,7280.0,686.0,9,0.0,9,0,Fake
128,128,100037354331120,Zack Hack,8548.0,1438.0,688.0,241.0,1543.0,1625.0,9,2.0,9,0,Fake
129,129,100037578583609,Pïkä Çhü,8548.0,711.0,771.0,264.0,719.0,5.0,9,0.0,9,1,Genuine
130,130,100051760545025,Shoping Hack,8548.0,1006.0,373.0,169.0,591.0,379.0,9,0.0,9,0,Fake
131,131,100047192612679,Aj Hack,8548.0,1113.0,75.0,749.0,165.0,227.0,9,0.0,9,0,Fake
132,132,100049536491405,Gagan Rai,8548.0,970.0,2538.0,109.0,27.0,350.0,9,0.0,9,0,Fake
133,133,100053994402460,Rony Hack,8548.0,1420.0,420.0,922.0,499.0,63.0,9,2.0,9,0,Fake
134,134,100043382101474,Adeeb Nesar,8548.0,1258.0,545.0,288.0,584.0,4.0,9,0.0,9,0,Fake
135,135,100010296522101,Kenish Thokchom,8548.0,1202.0,2264.0,314.0,21.0,110.0,9,0.0,9,0,Fake
136,136,100030714744204,Sonali Hack,8548.0,955.0,89.0,730.0,174.0,216.0,9,-2.0,9,0,Fake
137,137,100003464947016,"Ravi Singh
(Ravi)",8548.0,1531.0,107.0,581.0,210.0,306.0,9,1.0,9,0,Fake
138,138,100043481461623,Awm Hack,8548.0,1320.0,287.0,225.0,304.0,14.0,9,0.0,9,0,Fake
139,139,100041093203257,Hanry Hack,8548.0,1648.0,702.0,732.0,455.0,61.0,9,0.0,9,0,Fake
140,140,100044736901704,Mp Siddique Hack,8548.0,794.0,146.0,123.0,344.0,60.0,9,0.0,9,0,Fake
141,141,100044109551371,Heart Hack,8548.0,753.0,594.0,219.0,664.0,140.0,9,0.0,9,0,Fake
142,142,100042802582818,Hackers Hack,8548.0,1429.0,228.0,66.0,512.0,1.0,9,0.0,9,0,Fake
143,143,100040096434385,Stephen Hack,8548.0,775.0,86.0,360.0,376.0,120.0,9,2.0,9,0,Fake
144,144,100050607010169,Mati Sinta,8548.0,1076.0,575.0,28.0,105.0,1249.0,9,2.0,9,0,Fake
145,145,100044859321515,Messi Hack,8548.0,718.0,267.0,125.0,301.0,244.0,9,0.0,9,0,Fake
146,146,100022591801513,Rahul Kumar,8548.0,1114.0,329.0,778.0,739.0,1118.0,9,2.0,9,0,Fake
147,147,100049595237274,Walk Hack,8548.0,1339.0,2959.0,110.0,281.0,152.0,9,0.0,9,1,Genuine
148,148,100007588368333,Chehera Hack,8548.0,1264.0,8662.0,658.0,68.0,656.0,9,0.0,9,1,Genuine
149,149,100043433257233,Pubf Hack,8548.0,1561.0,145.0,414.0,156.0,602.0,9,0.0,9,0,Fake
150,150,100042273464867,Krishna Hack,8548.0,1047.0,3694.0,464.0,405.0,996.0,9,0.0,9,0,Fake
151,151,100050931621222,Lots Hack,8548.0,1266.0,1580.0,336.0,331.0,343.0,9,0.0,9,0,Fake
152,152,100003632716877,MD Farhan,8548.0,1298.0,3742.0,297.0,1611.0,797.0,9,0.0,9,1,Genuine
153,153,100033771140964,MD Khairul Hack,8548.0,1326.0,27.0,108.0,63.0,119.0,9,0.0,9,0,Fake
154,154,100015954968783,MicroWorld Hacks,8548.0,1196.0,921.0,71.0,913.0,22.0,9,0.0,9,0,Fake
155,155,100043257614053,Asraul Hack,8548.0,1094.0,698.0,576.0,871.0,4.0,9,0.0,9,1,Genuine
156,156,100045625960291,Aman Kumar,8548.0,945.0,166.0,228.0,321.0,1435.0,9,2.0,9,0,Fake
157,157,100042291873528,Lïfë Häçk,8548.0,1143.0,3.0,316.0,441.0,50.0,9,0.0,9,0,Fake
158,158,100006268542923,Stricker Hack,8548.0,772.0,255.0,599.0,972.0,10.0,9,0.0,9,0,Fake
159,159,100008340796212,M S Hackerd Hack,8548.0,1625.0,2016.0,176.0,380.0,740.0,9,0.0,9,0,Fake
160,160,100051961545217,Minutes Hack,8548.0,1597.0,489.0,918.0,464.0,8.0,9,0.0,9,0,Fake
161,161,100050559241155,Mrforce YT,8548.0,1134.0,448.0,118.0,496.0,247.0,9,0.0,9,0,Fake
162,162,100011060460135,Pankaj Hack,8548.0,1611.0,46.0,66.0,30.0,42.0,9,2.0,9,0,Fake
163,163,100053463110854,"Dabit Hack
(Kig of hacker)",8548.0,1086.0,9824.0,1594.0,1057.0,236.0,9,0.0,9,0,Fake
164,164,100002499802142,Sid Hart Hack,8548.0,1100.0,32109.0,31.0,115.0,925.0,9,1.0,9,1,Genuine
165,165,100016890941266,Gaurav K. Yogesh,8548.0,1099.0,344.0,734.0,115.0,139.0,9,0.0,9,0,Fake
166,166,100007558261803,Ansh Hack,8548.0,1211.0,583.0,610.0,274.0,1.0,9,0.0,9,0,Fake
167,167,100051187538548,Start Ups Tips Hack,8548.0,1409.0,285.0,201.0,184.0,434.0,9,0.0,9,0,Fake
168,168,100054003280799,Rk Hack,8548.0,1491.0,15365.0,195.0,3872.0,204.0,9,0.0,9,0,Fake
169,169,100053324659302,Earning Hack,8548.0,849.0,2264.0,132.0,289.0,529.0,9,0.0,9,0,Fake
170,170,100043920371494,Shruti Agarwal,8548.0,1164.0,108.0,332.0,2793.0,1200.0,9,-2.0,9,0,Fake
171,171,100028394797539,Neelesh Kumar,8548.0,1605.0,37.0,284.0,773.0,153.0,9,0.0,9,0,Fake
172,172,100037212557295,Ankur Hack,8548.0,1009.0,292.0,235.0,600.0,6.0,9,0.0,9,0,Fake
173,173,100051604366552,Pubg Hack,8548.0,1484.0,17.0,189.0,989.0,1.0,9,0.0,9,0,Fake
174,174,100013810035825,Simon A I,8548.0,1242.0,713.0,1945.0,129.0,295.0,9,2.0,9,0,Fake
175,175,100008208970380,"De Kâ
( SuRaj Deká)",8548.0,1442.0,4675.0,4531.0,4268.0,4809.0,9,0.0,9,0,Fake
176,176,100013889867176,Mohd Muzammil,8548.0,1265.0,373.0,292.0,1820.0,1172.0,9,0.0,9,0,Fake
177,177,100044440599524,Mong Hack,8548.0,1671.0,349.0,398.0,533.0,103.0,9,0.0,9,0,Fake
178,178,100047507032424,Itzheart Hack,8548.0,926.0,394.0,665.0,730.0,120.0,9,0.0,9,0,Fake
179,179,100045964202345,Pun Hack,8548.0,1617.0,4212.0,134.0,2843.0,1158.0,9,0.0,9,0,Fake
180,180,100047819250384,Aman Hack,8548.0,858.0,47.0,564.0,2535.0,1152.0,9,2.0,9,0,Fake
181,181,100001287112529,Anant AggArwal,8548.0,1186.0,165.0,791.0,136.0,1117.0,9,0.0,9,0,Fake
182,182,100041380974188,MD Tajamul Hack,8548.0,1537.0,886.0,5.0,276.0,89.0,9,0.0,9,0,Fake
183,183,100053860028146,Hāćk Tom Įńdo,8548.0,1455.0,3461.0,300.0,205.0,598.0,9,0.0,9,0,Fake
184,184,100041143121917,Hackers King Hack,8548.0,1299.0,173.0,159.0,675.0,65.0,9,0.0,9,0,Fake
185,185,100042448312361,Hoody Hack,8548.0,1232.0,632.0,656.0,907.0,43.0,9,0.0,9,0,Fake
186,186,100042220362374,Dom Hack,8548.0,1508.0,15365.0,2800.0,4.0,521.0,9,0.0,9,0,Fake
187,187,100007919353492,Pool Hack,8548.0,712.0,3098.0,564.0,99.0,241.0,9,0.0,9,0,Fake
188,188,100008150628709,Pool Live Tour Hack,8548.0,942.0,3209.0,243.0,628.0,14.0,9,0.0,9,0,Fake
189,189,100019531603440,Hardlife Hack,8548.0,1550.0,367.0,409.0,5.0,157.0,9,0.0,9,0,Fake
190,190,100035710937303,Sameer Hack,8548.0,1092.0,6131.0,269.0,483.0,16.0,9,2.0,9,0,Fake
191,191,100000788555805,Ab Kar Hack,8548.0,1205.0,237.0,125.0,2235.0,382.0,9,2.0,9,0,Fake
192,192,100003864423356,Rohit Heart Hack,8548.0,721.0,450.0,524.0,73.0,50.0,9,0.0,9,0,Fake
193,193,100042388488973,Hacker's Sandy,8548.0,891.0,1183.0,1265.0,85.0,203.0,9,0.0,9,0,Fake
194,194,100012525540613,ID Hackers,8548.0,1660.0,249.0,787.0,780.0,13.0,9,0.0,9,0,Fake
195,195,100014834018899,"MôDel Dolly Priya
(Hàckèŕ)",8548.0,1348.0,812.0,444.0,1681.0,507.0,9,0.0,9,0,Fake
196,196,100008087203966,Sonu Delhi Kkc,8548.0,1206.0,1688.0,84.0,98.0,451.0,9,0.0,9,0,Fake
197,197,100050658472838,"Noty Gril
(Hart hacker)",8548.0,1515.0,2119.0,311.0,39.0,1491.0,9,0.0,9,0,Fake
198,198,100051791363405,"Aisha Sheikh
(Alex My Jaan)",8548.0,1423.0,576.0,836.0,918.0,1092.0,9,-2.0,9,0,Fake
199,199,100013962513388,"Waliullah Rahmani
(Tʜɘ Ðʌɳgɽoų'x Moŋ X'təɽ)",8548.0,1672.0,3316.0,3431.0,3794.0,4223.0,9,0.0,9,0,Fake
200,200,100050382560667,Ethical Hackers,8548.0,1619.0,446.0,426.0,44.0,5.0,9,0.0,9,0,Fake
201,201,100031533970507,Rocky Nishad,8548.0,873.0,259.0,1076.0,76.0,697.0,9,2.0,9,0,Fake
202,202,100043916537258,Hʌʀtɭɘss Ɓaɗaɭ,8548.0,1358.0,1697.0,130.0,160.0,770.0,9,0.0,9,0,Fake
203,203,100041515985076,"Bhai Jaan
(Heart Hacker)",8548.0,1396.0,1621.0,98.0,9395.0,623.0,9,0.0,9,0,Fake
204,204,100028440035531,Sanjib Hacker's,8548.0,1220.0,1402.0,220.0,15.0,302.0,9,0.0,9,0,Fake
205,205,100006557688998,"Priyanshi Verma
(CyberWarrior)",8548.0,1387.0,4706.0,4312.0,4108.0,4772.0,9,0.0,9,0,Fake
206,206,100048647381285,"Ãbů Bãķķäř
(Sa Hil)",8548.0,1592.0,2511.0,56.0,3531.0,410.0,9,0.0,9,0,Fake
207,207,100039396707576,Hëåřt Häčķəŕ Möñū,8548.0,986.0,595.0,128.0,3266.0,632.0,9,0.0,9,0,Fake
208,208,100011564533232,"Vikram Singh
(Heart hacker boy)",8548.0,1323.0,19361.0,3074.0,1492.0,403.0,9,2.0,9,0,Fake
209,209,100006550840276,Dhruv Dhingra,8548.0,803.0,57.0,165.0,795.0,2002.0,9,0.0,9,0,Fake
210,210,100025533767982,Syçø Dyñø,8548.0,749.0,1117.0,152.0,10.0,14.0,9,0.0,9,0,Fake
211,211,100046557518359,Dynamo Hackar,8548.0,938.0,4375.0,5109.0,1697.0,561.0,9,0.0,9,0,Fake
212,212,100037573333502,"Dëåd Usër
(dëæd håçkër)",8548.0,1581.0,40.0,310.0,857.0,16.0,9,0.0,9,0,Fake
213,213,100005550785648,Anas Siddiqui,8548.0,680.0,479.0,1061.0,46.0,532.0,9,2.0,9,0,Fake
214,214,100008684684874,Vikas Ramola Delhi,8548.0,1002.0,2637.0,2988.0,3015.0,3298.0,9,2.0,9,0,Fake
215,215,100036068736630,Ethical Hack,8548.0,1333.0,298.0,263.0,848.0,56.0,9,0.0,9,0,Fake
216,216,100007251484473,Sunny Mishra,8548.0,1678.0,4728.0,822.0,769.0,932.0,9,2.0,9,0,Fake
217,217,100044588821207,Satta King Hackers,8548.0,700.0,499.0,239.0,451.0,732.0,9,0.0,9,0,Fake
218,218,100008308907591,"Amit Ħacker
(Banda Bhut Jyada Crazy)",8548.0,1671.0,3883.0,3736.0,4210.0,4339.0,9,2.0,9,0,Fake
219,219,100011939582212,Abhay Mishra,8548.0,1065.0,45.0,395.0,5155.0,718.0,9,2.0,9,0,Fake
220,220,100040309085215,"Rishi Paswan
(lovingly)",8548.0,1570.0,4237.0,3812.0,4396.0,4806.0,9,0.0,9,0,Fake
221,221,100044302233314,Speedy Hack,8548.0,761.0,316.0,974.0,223.0,10.0,9,0.0,9,0,Fake
222,222,100014903080870,Oky Hack,8548.0,1402.0,159.0,754.0,956.0,3.0,9,0.0,9,0,Fake
223,223,100054952475042,Faiyaz Hackers,8548.0,701.0,3131.0,36.0,4279.0,410.0,9,0.0,9,0,Fake
224,224,100005111190767,Hectrix Hack,8548.0,1674.0,534.0,437.0,218.0,72.0,9,0.0,9,1,Genuine
225,225,100019765118993,Laden Hack,8548.0,680.0,62.0,314.0,317.0,160.0,9,0.0,9,0,Fake
226,226,100023354193541,Anjelina Hack,8548.0,812.0,38.0,777.0,1820.0,189.0,9,0.0,9,0,Fake
227,227,100017074698623,Gig Hack,8548.0,1023.0,772.0,509.0,837.0,37.0,9,0.0,9,0,Fake
228,228,100003051198297,Hackiest Hack,8548.0,1333.0,942.0,932.0,444.0,46.0,9,0.0,9,0,Fake
229,229,100014853887758,Honey Hack,8548.0,1244.0,227.0,639.0,109.0,16.0,9,-2.0,9,0,Fake
230,230,100002498990444,Parneet MukhIja,8548.0,1410.0,84.0,1382.0,41.0,649.0,9,0.0,9,0,Fake
231,231,100012857624642,Prince Hack,8548.0,741.0,892.0,267.0,527.0,16.0,9,2.0,9,1,Genuine
232,232,100025980974515,Harry Hack,8548.0,845.0,5367.0,358.0,1262.0,238.0,9,2.0,9,1,Genuine
233,233,100041006017367,"Həăřţ Hąčķəř Moon
(Moon)",8548.0,1536.0,3980.0,159.0,4.0,1625.0,9,0.0,9,1,Genuine
234,234,100005906072739,"Sameer Sheikh
(heart hacker)",8548.0,1018.0,6554.0,45.0,1510.0,613.0,9,2.0,9,0,Fake
235,235,100016348242686,"Sâm ßmÃrty
(Shoaib)",8548.0,1152.0,23.0,404.0,1304.0,992.0,9,0.0,9,0,Fake
236,236,100016348242686,"Sâm ßmÃrty
(Shoaib)",8548.0,990.0,119.0,115.0,448.0,542.0,9,0.0,9,1,Genuine
237,237,100008126858153,"Prince Armaani
(Official account)",8548.0,691.0,1447.0,6.0,284.0,671.0,9,2.0,9,0,Fake
238,238,100054913717533,Faiyaz Hack Faiyaz Hack,8548.0,1618.0,120.0,1612.0,185.0,490.0,9,0.0,9,0,Fake
239,239,100036593011138,Kasem Hack,8548.0,833.0,188.0,164.0,4047.0,649.0,9,2.0,9,0,Fake
240,240,100008285529267,Rajul Hack,8548.0,1398.0,45.0,456.0,183.0,56.0,9,0.0,9,0,Fake
241,241,100008285529267,Rajul Hack,8548.0,1661.0,763.0,217.0,710.0,56.0,9,0.0,9,0,Fake
242,242,100008285529267,Rajul Hack,8548.0,1304.0,251.0,888.0,434.0,56.0,9,0.0,9,0,Fake
243,243,100008285529267,Rajul Hack,8548.0,1099.0,17.0,398.0,460.0,56.0,9,0.0,9,0,Fake
244,244,100008285529267,Rajul Hack,8548.0,1606.0,90.0,687.0,816.0,56.0,9,0.0,9,1,Genuine
245,245,100008285529267,Rajul Hack,8548.0,812.0,227.0,811.0,726.0,56.0,9,0.0,9,0,Fake
246,246,100008285529267,Rajul Hack,8548.0,1160.0,120.0,943.0,721.0,56.0,9,0.0,9,0,Fake
247,247,100038845639350,Sanaul Hack,8548.0,1432.0,847.0,38.0,757.0,76.0,9,0.0,9,0,Fake
248,248,100042420016324,Babu Hack,8548.0,1166.0,691.0,788.0,687.0,12.0,9,2.0,9,0,Fake
249,249,100007146912374,Rajesh Hack,8548.0,750.0,180.0,603.0,232.0,4.0,9,2.0,9,0,Fake
250,250,100001223051960,Sanaia Hack,8548.0,1660.0,102.0,553.0,722.0,3.0,9,0.0,9,0,Fake
251,251,100024547480989,Syber Hack,8548.0,1505.0,820.0,751.0,784.0,32.0,9,0.0,9,1,Genuine
252,252,100002609402958,Samrat Hack,8548.0,1276.0,605.0,557.0,670.0,5.0,9,0.0,9,0,Fake
253,253,100032684180268,Pool Hack,8548.0,690.0,251.0,268.0,17.0,273.0,9,0.0,9,0,Fake
254,254,100026049637445,Bhæt Sàmìūllæh,8548.0,791.0,802.0,836.0,50.0,133.0,9,0.0,9,1,Genuine
255,255,100005030113150,"Рззгжаба Ддфѓв
(ÐesTroy'urHeart-ııŋAfewsecoŋdx HeavenThəmoşt'WąŋTəd Tıger Fţ-Kīŋg)",8548.0,1656.0,1407.0,77.0,7127.0,27.0,9,0.0,9,0,Fake
256,256,100054508431987,با سط,8548.0,1181.0,421.0,331.0,280.0,344.0,9,0.0,9,0,Fake
257,257,100007459426566,"Prince Raj Prince
(Iñďià Ki-Ħar'Laɽki JâlaÿGi'Jab-MeɽiGirlfrnd Męɽe'Sâth-ChâleGi)",8548.0,1526.0,1877.0,2042.0,1254.0,2182.0,9,2.0,9,1,Genuine
258,258,100006793055665,"SHamim JB
(Sam)",8548.0,795.0,1277.0,191.0,127.0,1442.0,9,2.0,9,0,Fake
259,259,100009664638305,Sameer Lone,8548.0,1198.0,597.0,546.0,1.0,257.0,9,2.0,9,0,Fake
260,260,100008208970380,"De Kâ
( SuRaj Deká)",8548.0,830.0,3907.0,4347.0,4751.0,4809.0,9,0.0,9,0,Fake
261,261,100006359597609,Agrawal Harshit,8548.0,911.0,1838.0,1955.0,1980.0,2135.0,9,0.0,9,1,Genuine
262,262,100006939633365,Saawan Rathor,8548.0,1325.0,6948.0,263.0,325.0,18.0,9,0.0,9,0,Fake
263,263,100032013915689,Ethical Hackers,8548.0,883.0,923.0,869.0,312.0,16.0,9,0.0,9,0,Fake
264,264,100014429652762,Hacking Bangalore,8548.0,818.0,888.0,356.0,55.0,67.0,9,0.0,9,0,Fake
265,265,100035915381151,Hackers India,8548.0,825.0,136.0,224.0,88.0,237.0,9,0.0,9,1,Genuine
266,266,100027900907686,AShi SiNgh,8548.0,1669.0,388.0,225.0,34.0,561.0,9,0.0,9,0,Fake
267,267,100005384700149,Šîd Šíñgh,8548.0,867.0,197.0,215.0,344.0,205.0,9,0.0,9,0,Fake
268,268,100004117188730,Hackeng Bangalore,8548.0,733.0,438.0,127.0,4167.0,181.0,9,0.0,9,0,Fake
269,269,100005632475996,Hacktronics India,8548.0,1610.0,450.0,243.0,25.0,313.0,9,0.0,9,0,Fake
270,270,100002653309066,"Sai Varada
(Nani)",8548.0,1428.0,1315.0,459.0,48.0,46.0,9,0.0,9,0,Fake
271,271,100002827787995,Vijay Vyruk,8548.0,877.0,1788.0,237.0,1108.0,730.0,9,1.0,9,0,Fake
272,272,100025352251795,"Afdan
(Real Account)",8548.0,758.0,24901.0,325.0,16.0,153.0,9,0.0,9,0,Fake
273,273,100004198480919,Harsha Vvpathi,8548.0,857.0,3526.0,253.0,707.0,787.0,9,0.0,9,0,Fake
274,274,100004522171344,Badruddin Khan,8548.0,797.0,595.0,188.0,169.0,220.0,9,0.0,9,0,Fake
275,275,100013065004264,"Sumit Bighaniya
(inderjeet)",8548.0,1543.0,188.0,137.0,897.0,903.0,9,2.0,9,0,Fake
276,276,100027236691484,Ken Bok Yen,8548.0,1230.0,680.0,317.0,873.0,3.0,9,2.0,9,1,Genuine
277,277,100023639415587,გგგ გგგ,8548.0,846.0,967.0,358.0,70.0,996.0,9,0.0,9,1,Genuine
278,278,100042008940407,K King Hack India,8548.0,1277.0,439.0,190.0,423.0,516.0,9,0.0,9,0,Fake
279,279,100025735740487,Singh Rachika,8548.0,1211.0,576.0,116.0,47.0,264.0,9,0.0,9,1,Genuine
280,280,100002155467786,Nab Hack,8548.0,820.0,636.0,583.0,14.0,1.0,9,0.0,9,1,Genuine
281,281,100010320602306,Susmita Kc,8548.0,1578.0,27.0,228.0,434.0,35.0,9,-2.0,9,0,Fake
282,282,100011280013647,Kife Ft,8548.0,1547.0,160.0,1087.0,481.0,1132.0,9,0.0,9,1,Genuine
283,283,100050747387682,AimBot Hack,8548.0,1677.0,1088.0,203.0,806.0,626.0,9,0.0,9,0,Fake
284,284,100050580309291,"Krishna Hack
(hacker)",8548.0,1171.0,2291.0,232.0,231.0,1988.0,9,0.0,9,0,Fake
285,285,100050774000644,"Band Hack
(Abhishek mandal)",8548.0,1559.0,745.0,124.0,855.0,26.0,9,0.0,9,0,Fake
286,286,100002967746946,"Harris Hack
(Hack)",8548.0,1443.0,358.0,464.0,464.0,408.0,9,2.0,9,0,Fake
287,287,100007626781755,Bgmhack Hack,8548.0,878.0,118.0,257.0,885.0,1.0,9,0.0,9,0,Fake
288,288,100017084652306,D K Tipper,8548.0,1590.0,2190.0,2696.0,2616.0,2772.0,9,0.0,9,0,Fake
289,289,100038676383716,Réál Háçk,8548.0,1011.0,4577.0,4858.0,4780.0,4957.0,9,0.0,9,0,Fake
290,290,100000412826456,Ayesha Tabassum,8548.0,1498.0,865.0,290.0,318.0,483.0,9,-2.0,9,0,Fake
291,291,100001538985408,Sunil Gowda,8548.0,1463.0,274.0,124.0,37.0,118.0,9,1.0,9,0,Fake
292,292,100014686356270,Whaff Hack,8548.0,984.0,423.0,466.0,828.0,2.0,9,0.0,9,0,Fake
293,293,100053283402291,Alex Hack,8548.0,989.0,189.0,64.0,180.0,307.0,9,2.0,9,0,Fake
294,294,100002445190126,Hacky Hack,8548.0,1580.0,277.0,640.0,252.0,632.0,9,0.0,9,0,Fake
295,295,100044046423588,Rocky Bai Hack,8548.0,892.0,185.0,351.0,489.0,179.0,9,2.0,9,0,Fake
296,296,100053238513020,Rohit Hack,8548.0,1125.0,143.0,552.0,110.0,257.0,9,0.0,9,0,Fake
297,297,100044741984436,No Hack,8548.0,1406.0,18.0,1.0,304.0,2.0,9,0.0,9,0,Fake
298,298,100042439249685,Zia Ul Haq Hack,8548.0,682.0,578.0,515.0,626.0,206.0,9,2.0,9,0,Fake
299,299,100008983005145,মিঃ সোহেল শারমিন,8548.0,1425.0,151.0,342.0,658.0,2.0,9,0.0,9,0,Fake
300,300,100006651159949,Arshad Ali,8548.0,1143.0,3566.0,3540.0,3681.0,4262.0,9,2.0,9,1,Genuine
301,301,100036003012877,"Raju Sayyed
(Hunter raju)",8548.0,1294.0,122.0,340.0,606.0,1026.0,9,2.0,9,0,Fake
302,302,100021841650731,Shahanas Sherin,8548.0,907.0,211.0,691.0,253.0,156.0,9,0.0,9,0,Fake
303,303,100017401276544,Kumar Hack,8548.0,1595.0,77.0,142.0,580.0,101.0,9,2.0,9,0,Fake
304,304,100013268290307,Zoo Zoo,8548.0,697.0,1828.0,141.0,149.0,640.0,9,0.0,9,0,Fake
305,305,100027805629525,Jack Hack,8548.0,904.0,416.0,326.0,54.0,14.0,9,2.0,9,0,Fake
306,306,100009116903107,Bhaskar Hack,8548.0,1080.0,737.0,712.0,583.0,46.0,9,2.0,9,0,Fake
307,307,100037546719613,Heart Hack,8548.0,1428.0,636.0,20.0,185.0,7.0,9,0.0,9,0,Fake
308,308,100053763151543,Material Hack,8548.0,1590.0,4007.0,3942.0,4723.0,4931.0,9,0.0,9,0,Fake
309,309,100052123681096,Praveen Hack,8548.0,896.0,1088.0,44.0,2401.0,1015.0,9,1.0,9,0,Fake
310,310,100040607490068,Hackers Hack,8548.0,1663.0,264.0,341.0,223.0,587.0,9,0.0,9,0,Fake
311,311,100053349409788,David Hack,8548.0,1651.0,388.0,308.0,49.0,296.0,9,2.0,9,1,Genuine
312,312,100037537431651,Rohit Hack,8548.0,1526.0,1122.0,378.0,243.0,204.0,9,0.0,9,0,Fake
313,313,100003706942817,Suhail Sky Hackers,8548.0,692.0,147.0,430.0,71.0,734.0,9,2.0,9,1,Genuine
314,314,100046125092961,Satish Shetty,8548.0,1100.0,309.0,645.0,341.0,114.0,9,1.0,9,0,Fake
315,315,100040763312451,Mk Hack,8548.0,1574.0,565.0,832.0,368.0,61.0,9,0.0,9,0,Fake
316,316,100005849291641,Häck Teçh,8548.0,1180.0,286.0,241.0,18.0,36.0,9,0.0,9,0,Fake
317,317,1614182559,"Aryan Hack
(aryan)",8548.0,748.0,446.0,375.0,153.0,469.0,9,2.0,9,0,Fake
318,318,100038929637591,Ethical Hack,8548.0,859.0,245.0,963.0,342.0,417.0,9,0.0,9,1,Genuine
319,319,100006838441902,Anu Hack,8548.0,1352.0,422.0,804.0,471.0,6.0,9,-2.0,9,1,Genuine
320,320,100054062031426,"Moh Ko Ho
(Pr na lb jasu)",8548.0,891.0,141.0,841.0,362.0,71.0,9,0.0,9,0,Fake
321,321,100007384982916,Approximate Hack,8548.0,682.0,794.0,916.0,279.0,1.0,9,0.0,9,0,Fake
322,322,100007778384272,Tonny Hack,8548.0,1340.0,273.0,502.0,182.0,17.0,9,0.0,9,0,Fake
323,323,100044018707323,Rocky Hack,8548.0,1337.0,139.0,699.0,45.0,214.0,9,2.0,9,0,Fake
324,324,100022715461868,Shahid Hack,8548.0,1547.0,1652.0,347.0,197.0,492.0,9,2.0,9,0,Fake
325,325,100005824295163,Cris Hack,8548.0,1620.0,1350.0,293.0,19.0,8.0,9,2.0,9,0,Fake
326,326,100007038913010,Amex Hack,8548.0,747.0,1095.0,205.0,258.0,715.0,9,0.0,9,1,Genuine
327,327,100014516116323,Detect Hack,8548.0,1646.0,847.0,212.0,51.0,598.0,9,0.0,9,0,Fake
328,328,100020267051549,Arun Hack,8548.0,756.0,463.0,562.0,892.0,6.0,9,2.0,9,1,Genuine
329,329,100032051073497,Jack Hack,8548.0,827.0,157.0,480.0,449.0,505.0,9,2.0,9,0,Fake
330,330,100007519381126,Amar Hack,8548.0,1617.0,246.0,597.0,836.0,2.0,9,2.0,9,1,Genuine
331,331,100007223443223,Goutham Hack,8548.0,1168.0,104.0,203.0,565.0,132.0,9,0.0,9,1,Genuine
332,332,100006007418483,Pro Hack,8548.0,1157.0,531.0,912.0,929.0,3.0,9,0.0,9,1,Genuine
333,333,100032829503934,Nithin Hack,8548.0,1084.0,235.0,394.0,953.0,1650.0,9,0.0,9,0,Fake
334,334,100006772595180,Sam Jarvis,8548.0,1388.0,334.0,953.0,659.0,11.0,9,1.0,9,0,Fake
335,335,100008084950498,"Sunil Hack
(sun hacker)",8548.0,728.0,243.0,742.0,728.0,5.0,9,1.0,9,0,Fake
336,336,100010277344740,"Satwik Tripathi
(Golu baba)",8548.0,1673.0,2735.0,30.0,464.0,38.0,9,0.0,9,1,Genuine
337,337,100012596768757,Kumar Prathap Rathod,8548.0,1183.0,786.0,219.0,103.0,43.0,9,2.0,9,0,Fake
338,338,100022764274093,Corsair Vegas,8548.0,955.0,5165.0,177.0,1740.0,1275.0,9,0.0,9,1,Genuine
339,339,100012750944526,"Makster HAck
(Mak)",8548.0,1387.0,629.0,229.0,172.0,14.0,9,0.0,9,0,Fake
340,340,100006314732658,"Nazeem Arshath
(nazeem arshath)",8548.0,982.0,36911.0,94.0,1903.0,94.0,9,0.0,9,0,Fake
341,341,100008152993037,Aneez HaCk,8548.0,1501.0,2277.0,280.0,3025.0,625.0,9,0.0,9,1,Genuine
342,342,100028132837274,"Sandeep Kumar Hack
(hacker king)",8548.0,1677.0,674.0,849.0,418.0,67.0,9,1.0,9,0,Fake
343,343,100009837098107,Jack Allison,8548.0,1013.0,43.0,227.0,523.0,752.0,9,2.0,9,0,Fake
344,344,100005636765697,Shak Hack,8548.0,755.0,1828.0,154.0,8366.0,524.0,9,0.0,9,1,Genuine
345,345,100006784803861,Amit Yadav,8548.0,935.0,1747.0,232.0,2401.0,41.0,9,2.0,9,0,Fake
346,346,100015352992327,Sanjana Sharma,8548.0,1520.0,142.0,362.0,6.0,488.0,9,0.0,9,1,Genuine
347,347,100015322115932,Kerala Black Hackers,8548.0,696.0,713.0,1232.0,855.0,1384.0,9,0.0,9,0,Fake
348,348,100032139128083,Badshah Khan,8548.0,1549.0,16432.0,21.0,4167.0,90.0,9,0.0,9,0,Fake
349,349,100053191610097,Rajveer Gaming,8548.0,1464.0,552.0,1206.0,560.0,1270.0,9,0.0,9,1,Genuine
350,350,100054308003256,Ajju Bhai,8548.0,1424.0,1878.0,314.0,100.0,1088.0,9,0.0,9,0,Fake
351,351,100054175429149,"ಮಾ ಧ ವ
(ಶ್ರೀ)",8548.0,1064.0,74.0,1419.0,1820.0,1320.0,9,0.0,9,0,Fake
352,352,100043916537258,Hʌʀtɭɘss Ɓaɗaɭ,8548.0,1439.0,5287.0,384.0,124.0,86.0,9,0.0,9,0,Fake
353,353,100009212472394,Nadeem Haider,8548.0,1198.0,4235.0,19.0,7127.0,275.0,9,2.0,9,0,Fake
354,354,100023586674007,"Arijit Ghosh
(Häckëťț )",8548.0,1400.0,116.0,189.0,318.0,419.0,9,0.0,9,1,Genuine
355,355,100034469193290,"Çõõlëßt Bãdbøy
(امتیاز خان)",8548.0,763.0,2036.0,505.0,469.0,584.0,9,0.0,9,1,Genuine
356,356,100006491701206,Ar Samikshya Pradhan,8548.0,1526.0,922.0,546.0,616.0,194.0,9,0.0,9,0,Fake
357,357,100011393481858,Vaish Hack,8548.0,1118.0,7076.0,371.0,2843.0,1743.0,9,0.0,9,1,Genuine
358,358,100009500110674,"Sayed Nawaz
(سید نواز)",8548.0,1522.0,1121.0,191.0,169.0,344.0,9,2.0,9,0,Fake
359,359,100011635621339,"Abhik Ghosh
(Shâdõw AB)",8548.0,1192.0,3839.0,326.0,323.0,99.0,9,0.0,9,0,Fake
360,360,100009428300429,Shårâth Hàçkers,8548.0,787.0,4306.0,3878.0,4159.0,4477.0,9,0.0,9,0,Fake
361,361,100026049637445,Bhæt Sàmìūllæh,8548.0,1441.0,684.0,1206.0,401.0,99.0,9,0.0,9,0,Fake
362,362,100005030113150,"Рззгжаба Ддфѓв
(ÐesTroy'urHeart-ııŋAfewsecoŋdx HeavenThəmoşt'WąŋTəd Tıger Fţ-Kīŋg)",8548.0,1023.0,693.0,86.0,1061.0,616.0,9,0.0,9,0,Fake
363,363,100054508431987,با سط,8548.0,695.0,340.0,508.0,238.0,344.0,9,0.0,9,0,Fake
364,364,100007459426566,"Prince Raj Prince
(Iñďià Ki-Ħar'Laɽki JâlaÿGi'Jab-MeɽiGirlfrnd Męɽe'Sâth-ChâleGi)",8548.0,1167.0,1850.0,1449.0,1862.0,2182.0,9,2.0,9,0,Fake
365,365,100006793055665,"SHamim JB
(Sam)",8548.0,1354.0,98.0,0.0,3872.0,327.0,9,2.0,9,0,Fake
366,366,100009664638305,Sameer Lone,8548.0,849.0,759.0,136.0,29.0,215.0,9,2.0,9,0,Fake
367,367,100008208970380,"De Kâ
( SuRaj Deká)",8548.0,1441.0,4525.0,4075.0,4008.0,4809.0,9,0.0,9,1,Genuine
368,368,100006359597609,Agrawal Harshit,8548.0,706.0,1323.0,1874.0,1721.0,2135.0,9,0.0,9,0,Fake
369,369,100006939633365,Saawan Rathor,8548.0,1403.0,457.0,495.0,767.0,283.0,9,0.0,9,0,Fake
370,370,100015322115932,Kerala Black Hackers,8548.0,1565.0,1163.0,568.0,587.0,1384.0,9,0.0,9,0,Fake
371,371,100006795840545,Karthik Hackz,8548.0,861.0,709.0,230.0,671.0,421.0,9,2.0,9,0,Fake
372,372,100005375643175,"Riyan Roy
(Oggy)",8548.0,749.0,1378.0,148.0,266.0,638.0,9,0.0,9,0,Fake
373,373,100006494979605,"Apsunni India Kerala
(Tonny bin hack)",8548.0,1241.0,148.0,236.0,185.0,346.0,9,0.0,9,0,Fake
374,374,100011030257005,"Havoc Edwin Ħëẳŗt Ħẳçkêŗ
( Тнє иєхт'Ряіисє Оғ-Чоця'Нєаят)",8548.0,680.0,2270.0,2302.0,2487.0,2978.0,9,0.0,9,0,Fake
375,375,100023113238270,Ha Jara CK,8548.0,1572.0,65.0,757.0,100.0,220.0,9,1.0,9,0,Fake
376,376,100038164027258,Hackers Amal,8548.0,1585.0,406.0,673.0,789.0,62.0,9,0.0,9,0,Fake
377,377,100028278314566,Roshni Hackim,8548.0,844.0,291.0,379.0,56.0,50.0,9,-2.0,9,0,Fake
378,378,100008284395705,HE MA NTh,8548.0,1459.0,4837.0,384.0,253.0,258.0,9,0.0,9,0,Fake
379,379,100051740630735,Moto Hackers,8548.0,1525.0,4632.0,4024.0,4009.0,4825.0,9,0.0,9,0,Fake
380,380,100003851539390,Roshni Mv,8548.0,1499.0,153.0,438.0,390.0,756.0,9,-2.0,9,0,Fake
381,381,100031594127838,ചിമ്പു ച്ചിലു,8548.0,1221.0,34.0,228.0,1108.0,340.0,9,0.0,9,0,Fake
382,382,100029795112755,PRINCE SRIRAM MAMUNDI,8548.0,1254.0,670.0,441.0,89.0,947.0,9,2.0,9,0,Fake
383,383,100011393481858,Vaish Hack,8548.0,717.0,81.0,301.0,492.0,1221.0,9,0.0,9,0,Fake
384,384,100006446471431,Riyas Pzr,8548.0,709.0,821.0,711.0,775.0,1195.0,9,0.0,9,0,Fake
385,385,100003877964437,Abdul Hakh,8548.0,1283.0,410.0,528.0,48.0,264.0,9,2.0,9,0,Fake
386,386,100024493391276,Vittin Hackzz,8548.0,748.0,1441.0,1010.0,1092.0,1467.0,9,0.0,9,1,Genuine
387,387,100045167328742,"Hackers Karippal Nasick Dholl
(Hackerzz)",8548.0,1194.0,1665.0,1608.0,1672.0,1834.0,9,0.0,9,0,Fake
388,388,100024759801477,Adil Nizam,8548.0,1519.0,185.0,299.0,332.0,74.0,9,2.0,9,0,Fake
389,389,100028893510347,Jinto Hackz,8548.0,1055.0,1565.0,1720.0,1638.0,2269.0,9,0.0,9,0,Fake
390,390,100003396978724,"Fatima Zahra
(Mʋjhə'Wo-Lɵg Pʌsand'Haıı-Jo Mʋjhe'Pʌsand-Nahıı Kartə)",8548.0,1309.0,3839.0,685.0,780.0,127.0,9,-2.0,9,0,Fake
391,391,100005201080171,"Rajeesh Envara
(Growth Hacker)",8548.0,703.0,3730.0,38.0,2620.0,524.0,9,0.0,9,0,Fake
392,392,100010163353247,Shihab UL Hack,8548.0,1662.0,750.0,748.0,378.0,1221.0,9,2.0,9,0,Fake
393,393,100003570693974,Anithzoorya RS,8548.0,1449.0,3280.0,1245.0,126.0,302.0,9,0.0,9,0,Fake
394,394,100027010366388,Linson Linska,8548.0,1530.0,19025.0,415.0,236.0,1978.0,9,0.0,9,0,Fake
395,395,100030024288635,Rajbanshi Aajay,8548.0,1053.0,216.0,200.0,693.0,222.0,9,0.0,9,0,Fake
396,396,100026777679994,Vikash Dubey,8548.0,1276.0,9147.0,849.0,191.0,1898.0,9,0.0,9,0,Fake
397,397,100007582354905,"Subin PS
(Suby)",8548.0,1626.0,657.0,211.0,525.0,707.0,9,0.0,9,0,Fake
398,398,100007511315094,Jishnu Prasad,8548.0,1247.0,2264.0,1228.0,3266.0,1999.0,9,0.0,9,0,Fake
399,399,100005947629850,"Jishnu Remesh
(cyber Kallan)",8548.0,889.0,807.0,1859.0,806.0,1221.0,9,0.0,9,0,Fake
400,400,100005742488647,Nuhman Hakh,8548.0,924.0,4638.0,3974.0,4716.0,4748.0,9,0.0,9,0,Fake
401,401,100009445058185,"PÖlláthâváñ KáSîm
(�kettavan�)",8548.0,1336.0,4178.0,27.0,88.0,307.0,9,0.0,9,1,Genuine
402,402,100013565581024,ᏗᎷᎥᏖ ᏗᎷᎥᏖ,8548.0,966.0,929.0,1162.0,795.0,1433.0,9,0.0,9,0,Fake
403,403,100012200112431,Kiran Hackzz,8548.0,1242.0,1342.0,1125.0,1003.0,1472.0,9,-1.0,9,1,Genuine
404,404,100023509565553,Parthi Parthi,8548.0,901.0,1287.0,347.0,154.0,671.0,9,0.0,9,0,Fake
405,405,100009258818692,"Vis Hakh V
(Ka Nnan)",8548.0,836.0,446.0,694.0,757.0,512.0,9,0.0,9,0,Fake
406,406,100025587274171,Alan Turing,8548.0,999.0,1911.0,50.0,550.0,136.0,9,2.0,9,0,Fake
407,407,100001537042298,Nihal Hack,8548.0,1204.0,452.0,370.0,500.0,542.0,9,-2.0,9,1,Genuine
408,408,100025090393013,"ഞാൻ ഇങ് എടുക്കുവാ
(Hacked)",8548.0,1285.0,630.0,685.0,670.0,4.0,9,0.0,9,0,Fake
409,409,100014198587768,Ruhulhack Hack,8548.0,942.0,628.0,585.0,76.0,55.0,9,0.0,9,0,Fake
410,410,100003356570200,"Nishant Kumar Sudhanshu
(Hacker of Heart)",8548.0,1038.0,146.0,357.0,16.0,517.0,9,0.0,9,1,Genuine
411,411,100023544113921,Sanoop Mohan,8548.0,1008.0,4150.0,3822.0,3890.0,4821.0,9,0.0,9,0,Fake
412,412,100019385225134,"Aneesh Hip Pop Aneesh
(Black devil)",8548.0,1465.0,538.0,288.0,467.0,736.0,9,2.0,9,0,Fake
413,413,100007743990692,"Situl Das
(Enrique)",8548.0,1074.0,37.0,17.0,144.0,299.0,9,0.0,9,0,Fake
414,0,100015695798843,100015695798843,8548.0,1269.0,2827.0,3350.0,3104.0,3646.0,9,0.0,9,0,Fake
415,1,100001552635414,AACHU3GBOY,8548.0,765.0,4665.0,4210.0,4772.0,4924.0,9,0.0,9,0,Fake
416,2,100003041708902,jaseem.vp.56,8548.0,933.0,16490.0,3335.0,375.0,721.0,9,0.0,9,0,Fake
417,3,100007236796567,100007236796567,8548.0,1339.0,5756.0,98.0,128.0,48.0,9,0.0,9,0,Fake
418,4,100003516310915,jinu.kr3,8548.0,1646.0,2423.0,2818.0,300.0,503.0,9,0.0,9,1,Genuine
419,5,100003686685709,mohammad.nawab.587,8548.0,1677.0,1961.0,2386.0,1855.0,2598.0,9,0.0,9,0,Fake
420,6,100004346988856,100004346988856,8548.0,1273.0,3412.0,220.0,2345.0,899.0,9,0.0,9,0,Fake
421,7,100010186110385,100010186110385,8548.0,1522.0,3411.0,332.0,1562.0,427.0,9,0.0,9,1,Genuine
422,8,100011978684642,adarsh.achu.353,8548.0,1137.0,2972.0,2783.0,3129.0,3437.0,9,0.0,9,1,Genuine
423,9,100039133989101,jocker.hack.370,8548.0,922.0,824.0,703.0,477.0,32.0,9,0.0,9,1,Genuine
424,10,100009183375234,nitheeshhackz,8548.0,1609.0,1387.0,172.0,422.0,370.0,9,0.0,9,0,Fake
425,11,100006114009829,abhiramrb.abhiram,8548.0,906.0,3203.0,2065.0,44349.0,153.0,9,0.0,9,0,Fake
426,12,100006190810825,hasanul.benna.714,8548.0,1093.0,3450.0,231.0,632.0,341.0,9,0.0,9,0,Fake
427,13,100000947179814,sreekuttan.m.achari,8548.0,1079.0,194.0,204.0,178.0,166.0,9,0.0,9,0,Fake
428,14,100011157000774,sachu.ruvais,8548.0,1488.0,3433.0,3375.0,3590.0,4229.0,9,0.0,9,0,Fake
429,15,100003352775784,bleddyrascal,8548.0,1247.0,3265.0,2552.0,2463.0,3459.0,9,0.0,9,0,Fake
430,16,100005014532797,shinedassivadasan.s,8548.0,1656.0,10272.0,799.0,303.0,618.0,9,0.0,9,0,Fake
431,17,100006758859390,muhammedal.thanzeer.5,8548.0,1021.0,178.0,59.0,4875.0,20.0,9,0.0,9,0,Fake
432,18,100003279194981,vijillalvs,8548.0,1382.0,3902.0,1084.0,1820.0,451.0,9,0.0,9,0,Fake
433,19,100006477039821,syam.achu.75,8548.0,1249.0,115.0,184.0,616.0,406.0,9,0.0,9,0,Fake
434,20,100002927701654,rahul.up1,8548.0,1343.0,1167.0,131.0,204.0,54.0,9,0.0,9,0,Fake
435,21,100004006700629,chaudharypawansohlot,8548.0,844.0,1171.0,625.0,62.0,240.0,9,0.0,9,0,Fake
436,0,100007049792011,tharsin2411,8548.0,872.0,34917.0,286.0,401.0,208.0,9,0.0,9,0,Fake
437,1,100004917030547,abhi.abhishekorokkandi,8548.0,1626.0,4269.0,4182.0,3934.0,4848.0,9,0.0,9,0,Fake
438,2,100003908713560,keralahackman.hackmankerala,8548.0,1222.0,18600.0,289.0,616.0,647.0,9,0.0,9,0,Fake
439,3,100049056881465,swadhin.hacks.7,8548.0,1411.0,1254.0,786.0,130.0,330.0,9,0.0,9,0,Fake
440,4,100053345884148,pubg.antibanhacks,8548.0,693.0,486.0,287.0,156.0,295.0,9,0.0,9,0,Fake
441,5,100003522856845,fasalulhakh,8548.0,1321.0,306.0,516.0,111.0,320.0,9,0.0,9,0,Fake
442,6,100005119356463,annuanwar396,8548.0,775.0,1304.0,800.0,1353.0,1701.0,9,0.0,9,0,Fake
443,7,100008059067141,nuhman.new,8548.0,1178.0,2175.0,2424.0,2141.0,2697.0,9,0.0,9,0,Fake
444,8,100016689494090,vis.hakh.9028,8548.0,1046.0,1031.0,1162.0,909.0,1762.0,9,0.0,9,0,Fake
445,9,100016365540518,jibin.krishna.56,8548.0,1669.0,8890.0,207.0,587.0,428.0,9,0.0,9,1,Genuine
446,10,100004160674190,HACKERSCBHD,8548.0,1574.0,478.0,29.0,282.0,129.0,9,0.0,9,0,Fake
447,11,100002808406898,deepak.hearthacker.75,8548.0,1153.0,519.0,432.0,847.0,8.0,9,0.0,9,0,Fake
448,12,100005004995323,hackers.kavvaies,8548.0,1037.0,807.0,713.0,56.0,131.0,9,0.0,9,0,Fake
449,13,100038081538998,febin.zulfukar,8548.0,1459.0,808.0,39.0,58.0,158.0,9,0.0,9,0,Fake
450,14,100003066385713,hhthe.hacker,8548.0,1365.0,2230.0,27.0,375.0,5835.0,9,0.0,9,0,Fake
451,15,100053836541803,manzoor.manchu.12,8548.0,1319.0,432.0,132.0,850.0,119.0,9,0.0,9,0,Fake
452,16,100043888627073,vishnu.manu.54540,8548.0,801.0,223.0,136.0,473.0,577.0,9,0.0,9,0,Fake
453,17,100002443479456,shana.hackim,8548.0,1674.0,143.0,203.0,99.0,208.0,9,0.0,9,1,Genuine
454,18,100021864441282,vishnuvinod.vishnu.549,8548.0,1223.0,403.0,206.0,321.0,291.0,9,0.0,9,1,Genuine
455,19,100048662236628,100048662236628,8548.0,1414.0,992.0,128.0,52.0,527.0,9,0.0,9,0,Fake
456,20,100023415522358,christeena.christo.56,8548.0,839.0,129.0,409.0,1204.0,168.0,9,0.0,9,0,Fake
457,21,100017498554014,Binu Thankachan,8548.0,995.0,103.0,789.0,785.0,124.0,9,0.0,9,0,Fake
458,22,100014263116211,100014263116211,8548.0,873.0,143.0,463.0,154.0,688.0,9,0.0,9,0,Fake
459,23,100031243720236,hackers.arjros,8548.0,1675.0,336.0,768.0,442.0,4.0,9,0.0,9,1,Genuine
460,24,100034697191547,100034697191547,8548.0,1140.0,278.0,388.0,216.0,493.0,9,0.0,9,0,Fake
461,25,100008105263518,adhi.shah.9,8548.0,752.0,960.0,200.0,456.0,7.0,9,0.0,9,0,Fake
462,26,100003500512570,fazlul.hakh,8548.0,1645.0,388.0,28.0,231.0,579.0,9,0.0,9,0,Fake
463,27,100015917619771,hck.cybr,8548.0,1055.0,387.0,13.0,358.0,63.0,9,0.0,9,0,Fake
464,28,100009122503727,100009122503727,8548.0,701.0,959.0,834.0,440.0,21.0,9,0.0,9,1,Genuine
465,29,100021871984579,vishnub.bg,8548.0,1676.0,10378.0,205.0,23.0,308.0,9,0.0,9,0,Fake
466,30,100001510253409,Ananthavishnu007,8548.0,1620.0,370.0,876.0,12.0,74.0,9,0.0,9,0,Fake
467,31,100004219209083,Pravi.Hackers,8548.0,1475.0,421.0,676.0,468.0,139.0,9,0.0,9,0,Fake
468,32,100002892415190,gopal.padinjarethil,8548.0,911.0,131.0,78.0,85.0,155.0,9,0.0,9,0,Fake
469,33,100008101540947,ihsanul.hakh.3,8548.0,1404.0,637.0,230.0,728.0,211.0,9,0.0,9,0,Fake
470,34,100003051348629,prvmk007,8548.0,1115.0,1396.0,508.0,284.0,628.0,9,0.0,9,0,Fake
471,35,100007403010965,vishnu.jpillai.9,8548.0,825.0,24423.0,165.0,128.0,2406.0,9,0.0,9,0,Fake
472,36,100009506658413,vimal.hacki,8548.0,1275.0,1219.0,119.0,834.0,310.0,9,0.0,9,0,Fake
473,37,100006151801251,hackeem.zaman,8548.0,1568.0,208.0,973.0,620.0,501.0,9,0.0,9,1,Genuine
474,38,100023823336246,justin.hackar,8548.0,1226.0,1198.0,1651.0,1061.0,2009.0,9,0.0,9,0,Fake
475,39,100003216212282,liji.hacker,8548.0,1609.0,139.0,233.0,174.0,17.0,9,0.0,9,0,Fake
476,40,100004381683083,"Nibras Ul Hakh C
(Nibru)",8548.0,937.0,770.0,1945.0,116.0,170.0,9,0.0,9,0,Fake
477,41,100023885662323,libin.ro,8548.0,685.0,5755.0,44.0,1021.0,555.0,9,0.0,9,0,Fake
478,42,1789710236,hackd.pu,8548.0,1291.0,668.0,8.0,82.0,708.0,9,0.0,9,0,Fake
479,43,100008236357506,india.andhrapradesh.1,8548.0,1291.0,609.0,14.0,628.0,2.0,9,0.0,9,0,Fake
480,44,100006705311229,india.andhrapradesh.37,8548.0,714.0,17986.0,354.0,57.0,873.0,9,0.0,9,0,Fake
481,45,100045952907928,india.andhrapradesh.12,8548.0,1502.0,2064.0,297.0,218.0,272.0,9,0.0,9,0,Fake
482,46,100020737335507,india.andhrapradesh.503,8548.0,1641.0,200.0,47.0,13.0,38.0,9,0.0,9,0,Fake
483,47,100004031605991,india.andhrapradesh.7,8548.0,1400.0,1189.0,188.0,177.0,838.0,9,0.0,9,0,Fake
484,48,100008048282221,india.andhrapradesh.58,8548.0,1198.0,599.0,595.0,432.0,8.0,9,0.0,9,0,Fake
485,49,100012174964469,india.andhrapradesh.56,8548.0,1369.0,440.0,381.0,755.0,71.0,9,0.0,9,0,Fake
486,50,100026402660537,andhra.pradesh.9237,8548.0,1510.0,426.0,122.0,773.0,223.0,9,0.0,9,0,Fake
487,51,100009416723141,raju.india.7355,8548.0,806.0,3062.0,932.0,578.0,179.0,9,0.0,9,0,Fake
488,52,100052281783951,syngenta.krishnadistrict,8548.0,1300.0,2660.0,2027.0,2449.0,2907.0,9,0.0,9,0,Fake
489,53,100035501373973,andhra.actress.7,8548.0,752.0,25.0,738.0,9.0,846.0,9,0.0,9,0,Fake
490,54,100025944131219,Sharanya India,8548.0,1639.0,289.0,540.0,68.0,550.0,9,0.0,9,0,Fake
491,55,100028076711095,andhrapradesh.india.1,8548.0,726.0,4166.0,119.0,1597.0,33.0,9,0.0,9,0,Fake
492,56,100011717281083,sunitha.kadapa.7,8548.0,859.0,787.0,597.0,698.0,18.0,9,0.0,9,0,Fake
493,57,100014837529378,naidus.india,8548.0,1585.0,715.0,425.0,463.0,60.0,9,0.0,9,1,Genuine
494,58,100028229085794,laksmi.india.73,8548.0,1623.0,208.0,500.0,866.0,36.0,9,0.0,9,0,Fake
495,59,100026915089671,india.nelloreandhrapradesh.9,8548.0,942.0,198.0,3.0,541.0,2.0,9,0.0,9,0,Fake
496,60,100015635957162,andhra.awesomemodel,8548.0,1393.0,299.0,1103.0,590.0,1059.0,9,0.0,9,1,Genuine
497,61,100029125037518,pradesh.andhra.71,8548.0,1468.0,1503.0,611.0,277.0,249.0,9,0.0,9,0,Fake
498,62,100027936939283,vestigegros.andhra.1,8548.0,1416.0,4050.0,4562.0,4080.0,4660.0,9,0.0,9,1,Genuine
499,63,100004507454046,india.rani.58,8548.0,776.0,2370.0,1812.0,58.0,93.0,9,0.0,9,0,Fake
500,64,100050856878854,100050856878854,8548.0,1394.0,602.0,273.0,236.0,47.0,9,0.0,9,0,Fake
501,65,100054221164703,andhra.pradesh.7927408,8548.0,1265.0,57.0,109.0,70.0,735.0,9,0.0,9,0,Fake
502,66,100032527275590,andhra.pradesh.92505956,8548.0,886.0,297.0,198.0,179.0,747.0,9,0.0,9,1,Genuine
503,67,100015888973994,andhra.pradesh.71465,8548.0,999.0,810.0,347.0,903.0,3.0,9,0.0,9,0,Fake
504,68,100007220890333,india.corruption.12,8548.0,1422.0,85.0,117.0,670.0,226.0,9,0.0,9,0,Fake
505,69,100052693299261,andhra.pradesh.16100,8548.0,1131.0,107.0,270.0,892.0,1.0,9,0.0,9,0,Fake
506,70,100011307871172,andhrapradesh.dps,8548.0,1583.0,2048.0,1342.0,1889.0,2210.0,9,0.0,9,1,Genuine
507,71,100050748099043,m.chandrakala.58367,8548.0,1318.0,67.0,830.0,707.0,106.0,9,0.0,9,0,Fake
508,72,100052777021441,100052777021441,8548.0,822.0,4516.0,4438.0,4538.0,4747.0,9,0.0,9,0,Fake
509,73,100004840504580,100004840504580,8548.0,773.0,2656.0,109.0,1686.0,63.0,9,0.0,9,0,Fake
510,74,100006703534128,andhra.pradesh.790,8548.0,1323.0,328.0,103.0,370.0,109.0,9,0.0,9,0,Fake
511,75,100051424719665,saveandhra.pradesh.90,8548.0,1072.0,574.0,462.0,67.0,13.0,9,0.0,9,1,Genuine
512,76,100009814152109,andhra.prabha.31,8548.0,747.0,83.0,1047.0,296.0,76.0,9,0.0,9,1,Genuine
513,77,100025300089987,andhra.india.169,8548.0,731.0,68.0,335.0,216.0,2.0,9,0.0,9,0,Fake
514,78,100003163898764,saikrishna.india,8548.0,1420.0,1544.0,38.0,431.0,443.0,9,0.0,9,0,Fake
515,79,100027811715000,adapanaresh.india,8548.0,1224.0,114.0,182.0,397.0,724.0,9,0.0,9,0,Fake
516,80,100010100207085,andhra.pradesh.1422,8548.0,712.0,11.0,285.0,80.0,343.0,9,0.0,9,0,Fake
517,81,100005251330417,nurseries.india,8548.0,1180.0,3134.0,3176.0,2927.0,3681.0,9,0.0,9,0,Fake
518,82,100025589769075,andhra.prakasam,8548.0,1355.0,392.0,384.0,485.0,499.0,9,0.0,9,0,Fake
519,83,100004028913233,andhra.india.7,8548.0,1108.0,277.0,495.0,844.0,2.0,9,0.0,9,0,Fake
520,84,100004477841308,andhra.pradesh.334,8548.0,1169.0,194.0,384.0,85.0,434.0,9,0.0,9,0,Fake
521,85,100010071615277,andhra.pradesh.9250,8548.0,1046.0,1706.0,10116.0,22.0,592.0,9,0.0,9,0,Fake
522,86,100006682063200,andhra.pradesh.965,8548.0,1091.0,322.0,419.0,405.0,81.0,9,0.0,9,1,Genuine
523,87,100023232844917,Andra Pradesh,8548.0,1668.0,3439.0,582.0,244.0,1876.0,9,-2.0,9,0,Fake
524,88,100035225671714,kinnerapandu.india,8548.0,1561.0,4493.0,4200.0,4402.0,5000.0,9,0.0,9,0,Fake
525,89,100025934953280,andhra.pradesh.96343,8548.0,930.0,6256.0,1192.0,40.0,219.0,9,0.0,9,0,Fake
526,90,100053951741317,Ramnagar Siva India,8548.0,1639.0,336.0,194.0,693.0,205.0,9,0.0,9,0,Fake
527,91,100007765664624,andhra.pradesh.731,8548.0,804.0,444.0,42.0,764.0,100.0,9,0.0,9,0,Fake
528,92,100054918128108,india.agriculture.5,8548.0,923.0,574.0,149.0,202.0,253.0,9,0.0,9,0,Fake
529,93,100051057796733,manufacturers.wholesalers.9,8548.0,1258.0,268.0,20.0,484.0,80.0,9,0.0,9,1,Genuine
530,94,100007409460167,young.india.7796,8548.0,1276.0,2166.0,2323.0,1563.0,2423.0,9,0.0,9,0,Fake
531,95,100012711879741,daniel.india.98,8548.0,741.0,4882.0,4306.0,4308.0,4926.0,9,0.0,9,0,Fake
532,96,100037186763288,apnews.india.9,8548.0,1365.0,1713.0,1599.0,1438.0,1851.0,9,0.0,9,0,Fake
533,97,100024101115438,india.d.srinath,8548.0,1092.0,7.0,141.0,767.0,328.0,9,0.0,9,0,Fake
534,98,100010804747330,romanreings.india,8548.0,1661.0,183.0,3137.0,497.0,59.0,9,0.0,9,0,Fake
535,99,100014148132236,corc.INDIA,8548.0,1667.0,479.0,1707.0,216.0,70.0,9,0.0,9,1,Genuine
536,100,100043146162907,india.agricultre,8548.0,1088.0,494.0,809.0,260.0,112.0,9,0.0,9,0,Fake
537,101,100024956564674,india.h.77,8548.0,1267.0,184.0,397.0,1178.0,1320.0,9,0.0,9,0,Fake
538,102,100004534089655,andhrapradesh6,8548.0,778.0,2691.0,422.0,383.0,71.0,9,0.0,9,1,Genuine
539,103,100043554608065,mlm.india.182,8548.0,1565.0,1607.0,1024.0,1249.0,1841.0,9,0.0,9,0,Fake
540,104,100001415337275,Brundavani Koganti,8548.0,1232.0,99.0,430.0,7.0,596.0,9,0.0,9,0,Fake
541,105,100003487844128,shekar.india,8548.0,1170.0,629.0,312.0,138.0,655.0,9,0.0,9,0,Fake
542,106,100029179964222,Lisa.Mccarville45820,8548.0,1587.0,4216.0,3593.0,3522.0,4275.0,9,0.0,9,1,Genuine
543,107,100010117244885,krishna.india.9440,8548.0,1026.0,132.0,157.0,346.0,325.0,9,0.0,9,0,Fake
544,108,100005190842757,akhilindia58,8548.0,852.0,11.0,66.0,331.0,503.0,9,0.0,9,1,Genuine
545,109,100003052202184,Ksunil India,8548.0,1164.0,420.0,65.0,437.0,538.0,9,0.0,9,0,Fake
546,110,100006725140824,faithhome.india,8548.0,1664.0,1153.0,370.0,42.0,1281.0,9,0.0,9,0,Fake
547,111,100005922399671,andhra.amayakudu.7,8548.0,710.0,200.0,148.0,143.0,824.0,9,0.0,9,0,Fake
548,112,100004004007019,wdm.India,8548.0,1489.0,13.0,676.0,68.0,259.0,9,0.0,9,0,Fake
549,113,100000358163626,Samuel.Pastor.India,8548.0,1530.0,56.0,45.0,8.0,350.0,9,0.0,9,0,Fake
550,114,1498664857,wesleyalbert.india,8548.0,1290.0,144.0,101.0,248.0,293.0,9,0.0,9,0,Fake
551,115,100007178413268,Harish Palde,8548.0,1419.0,1461.0,1727.0,1728.0,1823.0,9,2.0,9,0,Fake
552,116,100004594446134,nagloves.india,8548.0,684.0,3212.0,2596.0,3053.0,3581.0,9,0.0,9,0,Fake
553,117,100025963331712,nikhilkumar.india.1,8548.0,1516.0,1096.0,527.0,1408.0,1422.0,9,0.0,9,0,Fake
554,118,100004617999248,prince.india.7127,8548.0,785.0,144.0,69.0,207.0,482.0,9,0.0,9,0,Fake
555,119,100001903436567,ceed.india,8548.0,916.0,1800.0,2267.0,1778.0,2527.0,9,0.0,9,0,Fake
556,120,100001890101247,Dhanasekar Reddy,8548.0,953.0,421.0,310.0,955.0,1082.0,9,0.0,9,0,Fake
557,121,100005641921735,andhra.pradesh.3950,8548.0,1397.0,410.0,211.0,59.0,452.0,9,0.0,9,0,Fake
558,122,100028203230367,mylittle.india,8548.0,803.0,292.0,554.0,267.0,3.0,9,0.0,9,0,Fake
559,123,100007752573033,arjun.india.5454,8548.0,1282.0,110.0,4.0,1549.0,367.0,9,0.0,9,0,Fake
560,124,100015329732662,bharath.andhra.7,8548.0,1618.0,2715.0,1856.0,2140.0,2781.0,9,0.0,9,0,Fake
561,125,100008319318735,ashokachakravarti.india,8548.0,1578.0,52.0,702.0,20.0,798.0,9,0.0,9,1,Genuine
562,126,100012213132543,azad.india.104,8548.0,1590.0,1670.0,2096.0,1496.0,2236.0,9,0.0,9,0,Fake
563,127,100003634852793,batman.india.AP,8548.0,1231.0,691.0,647.0,1206.0,1396.0,9,0.0,9,0,Fake
564,128,100010160894751,sumanth.india.75,8548.0,1537.0,322.0,635.0,243.0,730.0,9,0.0,9,0,Fake
565,129,100006168300125,prasad.india.77,8548.0,1027.0,318.0,911.0,750.0,1268.0,9,0.0,9,0,Fake
566,130,100007166563289,balu.india.1,8548.0,1499.0,313.0,148.0,394.0,479.0,9,0.0,9,0,Fake
567,131,100001815152057,india.meri,8548.0,1068.0,600.0,109.0,704.0,163.0,9,0.0,9,0,Fake
568,132,100014565854448,andhra.bestdps.98,8548.0,1364.0,4280.0,3934.0,3776.0,4534.0,9,0.0,9,1,Genuine
569,133,100054940836454,love.india.14418,8548.0,1569.0,551.0,574.0,410.0,141.0,9,0.0,9,1,Genuine
570,134,100013592160446,100013592160446,8548.0,740.0,2470.0,1938.0,1974.0,2752.0,9,0.0,9,0,Fake
571,135,100006965496890,andhrapradesh.india.9,8548.0,1271.0,212.0,306.0,631.0,4.0,9,0.0,9,1,Genuine
572,136,100050044988964,apida.andhrapradesh.7,8548.0,729.0,2051.0,2016.0,1808.0,2675.0,9,0.0,9,1,Genuine
573,137,100004430087796,APMUDIRAJMAHASABHA,8548.0,1225.0,8679.0,184.0,98.0,407.0,9,0.0,9,0,Fake
574,138,100006879374456,jaihindgoud.bcindia,8548.0,982.0,4137.0,4613.0,4573.0,4915.0,9,0.0,9,0,Fake
575,139,100040141179533,sarvashikshaabhiyan.andhrapradesh.9,8548.0,889.0,4283.0,4351.0,4791.0,4984.0,9,0.0,9,0,Fake
576,140,100008804594040,Daiva Prakash Pastor India,8548.0,791.0,81.0,2352.0,181.0,901.0,9,-2.0,9,1,Genuine
577,141,100030930212016,seed.ap.7,8548.0,1358.0,5671.0,174.0,1273.0,88.0,9,0.0,9,0,Fake
578,142,100010320169483,appastors.india,8548.0,708.0,725.0,314.0,883.0,1.0,9,0.0,9,0,Fake
579,143,100007595162775,kota.india.7,8548.0,1189.0,568.0,827.0,405.0,78.0,9,0.0,9,0,Fake
580,144,100031460032183,vijayawada.a.india,8548.0,1089.0,458.0,587.0,652.0,14.0,9,0.0,9,0,Fake
581,145,100046783472661,tnsf.andhrapradesh.9,8548.0,1116.0,787.0,778.0,801.0,1055.0,9,0.0,9,0,Fake
582,146,100001464212299,andhrapradesh.pastors,8548.0,1167.0,4625.0,1068.0,1.0,514.0,9,0.0,9,0,Fake
583,147,100005937134561,100005937134561,8548.0,832.0,576.0,612.0,706.0,693.0,9,0.0,9,0,Fake
584,148,100012907564878,vijayawada.ap.5,8548.0,807.0,2498.0,2562.0,2705.0,3148.0,9,0.0,9,0,Fake
585,149,100009962431532,babu.india.927,8548.0,964.0,1063.0,98.0,257.0,71.0,9,0.0,9,0,Fake
586,150,100024733823463,acps.andhrapradesh,8548.0,845.0,1529.0,1824.0,2116.0,2504.0,9,0.0,9,0,Fake
587,151,100011866187302,100011866187302,8548.0,1083.0,807.0,70.0,771.0,91.0,9,0.0,9,0,Fake
588,152,100049152947073,sandhya.sunandha,8548.0,708.0,375.0,137.0,188.0,608.0,9,0.0,9,0,Fake
589,153,100048736836504,andhra.andhra.104855,8548.0,740.0,99.0,467.0,229.0,503.0,9,0.0,9,0,Fake
590,154,100031790721403,ganesh.andhra.9,8548.0,910.0,220.0,532.0,577.0,268.0,9,0.0,9,0,Fake
591,155,100047597138276,nakuaunti.khavali,8548.0,1030.0,899.0,1335.0,1234.0,1356.0,9,0.0,9,0,Fake
592,156,100042648371248,sai.andhra.54,8548.0,1482.0,309.0,81.0,22.0,349.0,9,0.0,9,1,Genuine
593,157,100016631529975,jobs.govtindia,8548.0,729.0,281.0,786.0,63.0,551.0,9,0.0,9,0,Fake
594,158,100025041427641,andhra.aseel,8548.0,894.0,16776.0,35.0,7280.0,623.0,9,0.0,9,0,Fake
595,159,100001855720862,dxn.india.dxn,8548.0,1081.0,2730.0,2221.0,2595.0,2737.0,9,0.0,9,0,Fake
596,160,100047827142563,100047827142563,8548.0,1261.0,1633.0,1401.0,1356.0,2010.0,9,0.0,9,1,Genuine
597,161,100034561208247,aruna.sri.7315720,8548.0,767.0,771.0,335.0,689.0,79.0,9,0.0,9,0,Fake
598,162,100025897980179,grappling.pradesh,8548.0,986.0,98.0,45.0,108.0,156.0,9,0.0,9,0,Fake
599,163,100007452816161,aseel.andhra,8548.0,1088.0,270.0,686.0,618.0,138.0,9,0.0,9,0,Fake
600,164,100035004907062,jyothi.rathan.7,8548.0,730.0,55.0,505.0,151.0,133.0,9,0.0,9,0,Fake
601,165,100041340314892,angelie.india.3,8548.0,1412.0,363.0,720.0,88.0,87.0,9,0.0,9,1,Genuine
602,166,100027001520226,indiadps.india,8548.0,695.0,161.0,970.0,454.0,12.0,9,0.0,9,0,Fake
603,167,100044721047024,pearlvine.india.391,8548.0,727.0,803.0,284.0,826.0,891.0,9,0.0,9,0,Fake
604,168,100006782855968,andra.pradesh.71,8548.0,871.0,545.0,97.0,730.0,3.0,9,0.0,9,0,Fake
605,169,100053741533998,andhra.bestsuppoters,8548.0,1662.0,431.0,914.0,532.0,2.0,9,0.0,9,0,Fake
606,170,100006600250475,andra.pradesh.3,8548.0,788.0,563.0,1001.0,953.0,567.0,9,0.0,9,0,Fake
607,171,100030373073282,lakshmi.kolla.1,8548.0,702.0,309.0,483.0,416.0,142.0,9,0.0,9,1,Genuine
608,172,100035296333018,andhra.king.395,8548.0,1261.0,237.0,351.0,516.0,1013.0,9,0.0,9,1,Genuine
609,173,100008195500141,vani.andhra,8548.0,1101.0,370.0,268.0,127.0,173.0,9,0.0,9,0,Fake
610,174,100001429930515,guru.andhra,8548.0,1509.0,629.0,277.0,1.0,536.0,9,0.0,9,0,Fake
611,175,100045942080913,baby.devika.90,8548.0,1460.0,293.0,118.0,2720.0,30.0,9,0.0,9,0,Fake
612,176,100045881139383,rulexx.andhra,8548.0,1268.0,709.0,423.0,280.0,25.0,9,0.0,9,0,Fake
613,177,100033771336399,india.p.ramesh,8548.0,1139.0,515.0,61.0,650.0,31.0,9,0.0,9,0,Fake
614,178,100020885001154,andhra.state.7,8548.0,1589.0,64.0,788.0,361.0,209.0,9,0.0,9,0,Fake
615,179,100025781595979,daniel.india.96,8548.0,1438.0,212.0,8.0,416.0,513.0,9,0.0,9,0,Fake
616,180,100030030039370,hemakanchana.india,8548.0,1262.0,2213.0,166.0,106.0,1304.0,9,0.0,9,1,Genuine
617,181,100001633508559,hope.india.5,8548.0,1640.0,44.0,434.0,412.0,781.0,9,0.0,9,0,Fake
618,182,100044002929404,andhra.acadami,8548.0,912.0,4212.0,4751.0,4591.0,5000.0,9,0.0,9,0,Fake
619,183,100016191032573,mngreddy.india,8548.0,754.0,402.0,493.0,252.0,290.0,9,0.0,9,0,Fake
620,184,100029924739238,sagar.india.543,8548.0,1399.0,5165.0,962.0,498.0,265.0,9,0.0,9,0,Fake
621,185,100046490135598,vihari.india,8548.0,958.0,2264.0,171.0,296.0,5835.0,9,0.0,9,0,Fake
622,186,100052092586490,organicworld.india.33,8548.0,1540.0,861.0,760.0,393.0,205.0,9,0.0,9,0,Fake
623,187,100049618443700,study.india.3114935,8548.0,762.0,55.0,375.0,753.0,935.0,9,0.0,9,0,Fake
624,188,100047178067242,andhra.kondhaiah,8548.0,1083.0,581.0,324.0,812.0,23.0,9,0.0,9,0,Fake
625,189,100040591514083,laki.india.52,8548.0,1613.0,394.0,499.0,666.0,63.0,9,0.0,9,0,Fake
626,190,100046490748739,shobhads.india.5,8548.0,1313.0,657.0,296.0,44.0,67.0,9,0.0,9,0,Fake
627,191,100004198927959,sailaja.india,8548.0,1200.0,192.0,517.0,295.0,294.0,9,0.0,9,0,Fake
628,192,100015706962242,Lokjanashaktiparty Andhra,8548.0,1390.0,485.0,219.0,116.0,422.0,9,0.0,9,0,Fake
629,193,100002743680554,kiran.k.india,8548.0,1335.0,685.0,469.0,463.0,842.0,9,0.0,9,1,Genuine
630,194,100009843965993,umesh.india.50,8548.0,1659.0,51.0,326.0,173.0,99.0,9,0.0,9,0,Fake
631,195,100005162370734,forthepeople.india,8548.0,853.0,1457.0,1868.0,1894.0,1926.0,9,0.0,9,0,Fake
632,196,100008538304794,sonu.india.334,8548.0,1532.0,573.0,262.0,24.0,409.0,9,0.0,9,0,Fake
633,197,100035767921627,shaheen.india.73,8548.0,1553.0,2053.0,102.0,2215.0,296.0,9,0.0,9,1,Genuine
634,198,100015625989026,andhra.bestdps.3914,8548.0,1225.0,3276.0,799.0,160.0,271.0,9,0.0,9,0,Fake
635,199,100037015832664,india.king.73550,8548.0,735.0,428.0,411.0,81.0,449.0,9,0.0,9,0,Fake
636,200,100024752208228,faith.india.37,8548.0,813.0,3701.0,78.0,1334.0,474.0,9,0.0,9,0,Fake
637,201,100048265339759,ram.india.372,8548.0,1657.0,747.0,551.0,200.0,102.0,9,0.0,9,0,Fake
638,202,100051818288260,andhra.valevijayawada.3,8548.0,1200.0,500.0,170.0,90.0,219.0,9,0.0,9,1,Genuine
639,203,100037502881878,india.originministries.1,8548.0,760.0,297.0,12.0,907.0,778.0,9,0.0,9,0,Fake
640,204,100027094330011,andhra.dps.5070,8548.0,1428.0,664.0,858.0,177.0,111.0,9,0.0,9,0,Fake
641,205,100006780918909,100006780918909,8548.0,872.0,697.0,690.0,198.0,11.0,9,0.0,9,1,Genuine
642,206,100041072890823,shine.northeast,8548.0,794.0,1073.0,97.0,413.0,599.0,9,0.0,9,0,Fake
643,207,100010674938936,100010674938936,8548.0,840.0,7534.0,1578.0,240.0,534.0,9,0.0,9,0,Fake
644,208,100003592289105,arunachal.pradesh.54,8548.0,1423.0,57.0,421.0,738.0,148.0,9,0.0,9,0,Fake
645,209,100026422302514,arunachal.pradesh.549,8548.0,1331.0,77.0,264.0,340.0,12.0,9,0.0,9,0,Fake
646,210,100048983651582,arunachal.pradesh.108,8548.0,710.0,313.0,594.0,11.0,17.0,9,0.0,9,0,Fake
647,211,100035793904536,arunachal.pradesh.98837,8548.0,1425.0,1131.0,1088.0,805.0,1478.0,9,0.0,9,0,Fake
648,212,100008535964443,100008535964443,8548.0,1678.0,4148.0,4049.0,4086.0,4719.0,9,0.0,9,1,Genuine
649,213,100013746034470,olivia.trogani,8548.0,1268.0,286.0,246.0,314.0,46.0,9,0.0,9,0,Fake
650,214,100033572951504,saintalphonsa.publischool,8548.0,893.0,121.0,90.0,393.0,863.0,9,0.0,9,0,Fake
651,215,100010873743642,arunachal.singh.92,8548.0,1491.0,347.0,766.0,401.0,708.0,9,0.0,9,0,Fake
652,216,100012337113815,india.arunachalpardesh,8548.0,737.0,4170.0,1047.0,33.0,262.0,9,0.0,9,0,Fake
653,217,100001256230513,yuva.arunachal,8548.0,1031.0,4251.0,4575.0,4203.0,4831.0,9,0.0,9,0,Fake
654,218,100006045967537,DrShyamolprodurvanChakrabortychatterji,8548.0,876.0,463.0,154.0,297.0,437.0,9,0.0,9,0,Fake
655,219,100052008037184,ella.roy.3597789,8548.0,1476.0,4111.0,35.0,32.0,369.0,9,0.0,9,0,Fake
656,220,100013126485663,arunachal.bennym,8548.0,882.0,30.0,573.0,105.0,577.0,9,0.0,9,0,Fake
657,221,100032660112773,arunachal.pradesh.1422,8548.0,1675.0,268.0,867.0,364.0,54.0,9,0.0,9,0,Fake
658,222,100003827711125,arunachal.pradesh.56,8548.0,1164.0,412.0,943.0,484.0,48.0,9,0.0,9,0,Fake
659,223,100012253935560,arunachal.pradesh.9,8548.0,1457.0,292.0,416.0,670.0,102.0,9,0.0,9,0,Fake
660,224,100003648498350,arunachal.pardesh,8548.0,1678.0,465.0,898.0,489.0,594.0,9,0.0,9,0,Fake
661,225,100041618002941,arunachal.pradesh.9822,8548.0,1030.0,512.0,705.0,3891.0,131.0,9,0.0,9,0,Fake
662,226,100034886693270,arunachal.pradesh.121,8548.0,735.0,291.0,276.0,742.0,50.0,9,0.0,9,0,Fake
663,227,100035014321997,petsheaven.arunachalpradesh,8548.0,750.0,333.0,26.0,587.0,147.0,9,0.0,9,0,Fake
664,228,100002110968464,arunachal.pradesh.5,8548.0,1614.0,3566.0,4310.0,3479.0,4377.0,9,0.0,9,0,Fake
665,229,100050710220296,trongest.girl,8548.0,944.0,849.0,1945.0,281.0,807.0,9,0.0,9,0,Fake
666,230,100053566309598,kabyaa.bora.7,8548.0,1671.0,294.0,21.0,3531.0,455.0,9,0.0,9,0,Fake
667,231,100052992651022,arunachal.arunachal.14855,8548.0,1135.0,1201.0,42.0,1549.0,211.0,9,0.0,9,0,Fake
668,232,100024359689140,arunachal.gst.7,8548.0,952.0,178.0,146.0,685.0,136.0,9,0.0,9,1,Genuine
669,233,100053168195086,nilam.upadhyaya.927,8548.0,967.0,145.0,519.0,94.0,280.0,9,0.0,9,0,Fake
670,234,100052529889654,g.nania.5,8548.0,1268.0,3608.0,3951.0,86.0,538.0,9,0.0,9,0,Fake
671,235,100014000715622,arunachal.gandhi.3,8548.0,1532.0,8784.0,227.0,1095.0,237.0,9,0.0,9,0,Fake
672,236,100028640475964,kaku.punyo.754,8548.0,1012.0,1339.0,1258.0,875.0,1810.0,9,0.0,9,0,Fake
673,237,100044806742454,raftingarunachal.pradesh,8548.0,735.0,325.0,143.0,527.0,564.0,9,0.0,9,0,Fake
674,238,100005028510429,arunachal.pradesh.31,8548.0,1129.0,457.0,17.0,382.0,2.0,9,0.0,9,0,Fake
675,239,100040447278433,arunachal.first.5,8548.0,948.0,187.0,429.0,600.0,13.0,9,0.0,9,0,Fake
676,240,100033499030810,joshua.enghi,8548.0,686.0,3218.0,3367.0,3398.0,3937.0,9,0.0,9,0,Fake
677,241,100012789642650,arunachal.pradesh.543,8548.0,1361.0,200.0,195.0,855.0,9.0,9,0.0,9,0,Fake
678,242,100044052498448,ambani.arunachal.3,8548.0,877.0,1956.0,1624.0,1222.0,2050.0,9,0.0,9,0,Fake
679,243,100006220422718,arunachal.bjym,8548.0,890.0,3237.0,3798.0,3809.0,4117.0,9,0.0,9,1,Genuine
680,244,100007472777978,arunachal.pradesh.980,8548.0,1653.0,618.0,895.0,500.0,486.0,9,0.0,9,0,Fake
681,245,100002125602251,arunachal.pradesh.96,8548.0,1217.0,721.0,270.0,687.0,121.0,9,0.0,9,0,Fake
682,246,100026811694769,india.assam.526875,8548.0,862.0,612.0,80.0,128.0,180.0,9,0.0,9,0,Fake
683,247,100040254470796,india.assam.378,8548.0,1300.0,761.0,852.0,976.0,4.0,9,0.0,9,0,Fake
684,248,100034830613175,india.assam.54922,8548.0,703.0,26.0,20.0,47.0,199.0,9,0.0,9,0,Fake
685,249,100013500375125,india.assam.77,8548.0,1150.0,322.0,1113.0,1170.0,369.0,9,0.0,9,0,Fake
686,250,100008201527289,india.assam.71,8548.0,1419.0,51.0,432.0,496.0,53.0,9,0.0,9,0,Fake
687,251,100039398021166,assam.india.106,8548.0,1677.0,708.0,418.0,461.0,332.0,9,0.0,9,1,Genuine
688,252,100036972723835,assam.india.3766,8548.0,725.0,4357.0,1053.0,51.0,795.0,9,0.0,9,0,Fake
689,253,100049387334731,india.assam.716,8548.0,1479.0,3526.0,139.0,347.0,118.0,9,0.0,9,0,Fake
690,254,100043512247637,india.assam.7127,8548.0,880.0,43.0,43.0,737.0,86.0,9,0.0,9,0,Fake
691,255,100054308078706,india.assam.3998,8548.0,1479.0,378.0,111.0,489.0,116.0,9,0.0,9,0,Fake
692,256,100040066661481,india.assam.3382,8548.0,1471.0,109.0,363.0,247.0,630.0,9,0.0,9,0,Fake
693,257,100013122078676,hamidaassam.assam,8548.0,1117.0,888.0,262.0,326.0,14.0,9,0.0,9,0,Fake
694,258,100035420350848,india.bihar.545,8548.0,1315.0,611.0,462.0,380.0,308.0,9,0.0,9,0,Fake
695,259,100026231384180,bigdachhora.bihar,8548.0,1662.0,7074.0,437.0,84.0,1505.0,9,0.0,9,0,Fake
696,260,100028511719862,india.bihar.984,8548.0,1020.0,569.0,68.0,417.0,1.0,9,0.0,9,0,Fake
697,261,100045597300953,chapra.bihar,8548.0,783.0,158.0,134.0,159.0,224.0,9,0.0,9,1,Genuine
698,262,100034805914315,india.bihar.7549,8548.0,1631.0,355.0,563.0,315.0,105.0,9,0.0,9,0,Fake
699,263,100026029634208,shabhapandey.bihar.1,8548.0,1330.0,164.0,329.0,786.0,15.0,9,0.0,9,0,Fake
700,264,100028685643199,indiabihar.indiabihar,8548.0,1195.0,141.0,333.0,323.0,446.0,9,0.0,9,0,Fake
701,265,100051508661121,india.bihar.716,8548.0,785.0,951.0,1594.0,918.0,410.0,9,0.0,9,0,Fake
702,266,100022746444020,100022746444020,8548.0,1322.0,50.0,200.0,96.0,418.0,9,0.0,9,0,Fake
703,267,100040400282542,aapna.bihar.94,8548.0,1169.0,280.0,51.0,6.0,653.0,9,0.0,9,0,Fake
704,268,100006496036404,india.bihar.16,8548.0,1674.0,2692.0,2638.0,296.0,226.0,9,0.0,9,0,Fake
705,269,100053949964749,india.bihar.5036,8548.0,1459.0,480.0,867.0,150.0,11.0,9,0.0,9,0,Fake
706,270,100013234776170,raja.bihar.54,8548.0,955.0,545.0,902.0,302.0,9.0,9,0.0,9,0,Fake
707,271,100041787262330,indiag.bihar,8548.0,833.0,324.0,354.0,185.0,483.0,9,0.0,9,0,Fake
708,272,100015598994390,india.bihar.754,8548.0,1589.0,802.0,275.0,775.0,2.0,9,0.0,9,0,Fake
709,273,100026682281901,santikumari.bihar,8548.0,756.0,929.0,137.0,740.0,1080.0,9,0.0,9,0,Fake
710,274,100021988872119,india.bihar.3591,8548.0,833.0,4444.0,115.0,281.0,260.0,9,0.0,9,0,Fake
711,275,100044609752183,india.bihar.353,8548.0,923.0,518.0,280.0,557.0,2000.0,9,0.0,9,0,Fake
712,276,100051543949654,india.bihar.505,8548.0,1352.0,1313.0,312.0,74.0,522.0,9,0.0,9,0,Fake
713,277,100030896413912,gunjanbihar.gunjanbihar,8548.0,1115.0,341.0,335.0,321.0,32.0,9,0.0,9,0,Fake
714,278,100046532446314,sudha.bihar.5,8548.0,1466.0,9.0,730.0,189.0,7.0,9,0.0,9,1,Genuine
715,279,100019254572184,india.bihar.585,8548.0,1592.0,320.0,223.0,243.0,457.0,9,0.0,9,1,Genuine
716,280,100052129362381,jyotihajipurpatna.bihar,8548.0,993.0,919.0,431.0,67.0,57.0,9,0.0,9,1,Genuine
717,281,100044041899505,ansari.bihar.77,8548.0,1362.0,688.0,121.0,1015.0,399.0,9,0.0,9,0,Fake
718,282,100054197059008,guravshalibihar,8548.0,1072.0,587.0,1158.0,261.0,1743.0,9,0.0,9,1,Genuine
719,283,100041332542196,india.bihar.5477,8548.0,1434.0,611.0,836.0,252.0,23.0,9,0.0,9,0,Fake
720,284,100034622313118,priyan.bihar.india,8548.0,1483.0,585.0,333.0,1108.0,951.0,9,0.0,9,0,Fake
721,285,100022082196160,puja.bihar.56,8548.0,1286.0,330.0,43.0,514.0,75.0,9,0.0,9,0,Fake
722,286,100050616547845,india.bihar.927,8548.0,858.0,27.0,210.0,570.0,134.0,9,0.0,9,0,Fake
723,287,100039901939617,india.bihar.7739,8548.0,1509.0,823.0,63.0,1095.0,932.0,9,0.0,9,0,Fake
724,288,100025472182235,poojakumari.bihar.77,8548.0,1369.0,463.0,191.0,146.0,626.0,9,0.0,9,0,Fake
725,289,100012174377901,100012174377901,8548.0,1407.0,986.0,1265.0,2793.0,1856.0,9,0.0,9,0,Fake
726,290,100051505572772,sandhya.bihar.7,8548.0,891.0,31.0,130.0,167.0,656.0,9,0.0,9,1,Genuine
727,291,100051783222304,india.bihar.3975,8548.0,856.0,85.0,419.0,46.0,504.0,9,0.0,9,0,Fake
728,292,100009543139500,100009543139500,8548.0,1534.0,16776.0,1001.0,370.0,433.0,9,0.0,9,0,Fake
729,293,100029442708688,india.bihar.9849,8548.0,1433.0,434.0,773.0,131.0,11.0,9,0.0,9,0,Fake
730,294,100027430418482,india.bihar.7505,8548.0,885.0,4.0,426.0,359.0,149.0,9,0.0,9,0,Fake
731,295,100050150801610,india.bihar.169,8548.0,1097.0,302.0,535.0,406.0,19.0,9,0.0,9,0,Fake
732,296,100050663717936,india.bihar.1675,8548.0,1299.0,677.0,79.0,393.0,64.0,9,0.0,9,0,Fake
733,297,100052829116130,india.bihar.357,8548.0,883.0,874.0,244.0,861.0,59.0,9,0.0,9,0,Fake
734,298,100048085892545,jamui.bihar.73,8548.0,1201.0,2894.0,89.0,2401.0,334.0,9,0.0,9,0,Fake
735,299,100045706338825,jdu.bihar.94,8548.0,795.0,130.0,504.0,96.0,50.0,9,0.0,9,0,Fake
736,300,100026379232639,bihar.india.12,8548.0,1608.0,3553.0,1302.0,3906.0,185.0,9,0.0,9,0,Fake
737,301,100019981840807,rakeshkumar.bihar.39,8548.0,1621.0,890.0,197.0,775.0,33.0,9,0.0,9,0,Fake
738,302,100044017298077,india.bihar.9843,8548.0,828.0,654.0,663.0,1307.0,1645.0,9,0.0,9,0,Fake
739,303,100049155501194,bihar.india.758,8548.0,911.0,32109.0,1498.0,47.0,342.0,9,0.0,9,0,Fake
740,304,100028024992103,bihar.nursing.3,8548.0,727.0,4262.0,3449.0,3923.0,4363.0,9,0.0,9,1,Genuine
741,305,100054101091384,india.bihar.7509,8548.0,707.0,428.0,635.0,646.0,252.0,9,0.0,9,1,Genuine
742,306,100047295856043,india.bihar.967,8548.0,1339.0,430.0,541.0,942.0,1.0,9,0.0,9,0,Fake
743,307,100043211869526,intuu.bihar.9,8548.0,1661.0,694.0,18.0,597.0,702.0,9,0.0,9,0,Fake
744,308,100049320969199,bihar.new.547,8548.0,1321.0,111.0,385.0,186.0,254.0,9,0.0,9,0,Fake
745,309,100024189940333,sumanmotihari.bihar,8548.0,1614.0,58.0,495.0,215.0,122.0,9,0.0,9,0,Fake
746,310,100051249991456,neha.bihar.52,8548.0,1556.0,1529.0,1434.0,709.0,1557.0,9,0.0,9,0,Fake
747,311,100047205342144,cpi.bihar.9,8548.0,1144.0,226.0,215.0,392.0,672.0,9,0.0,9,1,Genuine
748,312,100046390682027,beasa.bihar.3,8548.0,962.0,4286.0,4640.0,4057.0,4998.0,9,0.0,9,0,Fake
749,313,100035506724594,nfps.bihar.7,8548.0,1554.0,436.0,783.0,326.0,1165.0,9,0.0,9,1,Genuine
750,314,100004970495582,jai.bihar.7,8548.0,1450.0,520.0,683.0,80.0,110.0,9,0.0,9,0,Fake
751,315,100052963123724,pops.bihar,8548.0,1461.0,220.0,155.0,8.0,395.0,9,0.0,9,0,Fake
752,316,100046337021108,india.bihar.7902,8548.0,837.0,19.0,47.0,2.0,72.0,9,0.0,9,0,Fake
753,317,100012994426397,india.bihar.10,8548.0,1146.0,3.0,186.0,645.0,157.0,9,0.0,9,0,Fake
754,318,100048911532443,dlrs.bihar.9,8548.0,1373.0,3061.0,1062.0,83.0,268.0,9,0.0,9,0,Fake
755,319,100047032482006,indiasiwab.bihar,8548.0,737.0,65.0,521.0,59.0,415.0,9,0.0,9,0,Fake
756,320,100052674993389,rst.bihar,8548.0,1512.0,1205.0,134.0,906.0,620.0,9,0.0,9,0,Fake
757,321,100031138335555,santosh.bihar.75,8548.0,1127.0,304.0,494.0,595.0,36.0,9,0.0,9,0,Fake
758,322,100049643451578,india.bihar.712,8548.0,1548.0,107.0,470.0,68.0,125.0,9,0.0,9,0,Fake
759,323,100048765474079,plurals.bihar.5,8548.0,1293.0,638.0,60.0,126.0,274.0,9,0.0,9,0,Fake
760,324,100048925722423,muskan.bihar.39,8548.0,939.0,315.0,32.0,243.0,70.0,9,0.0,9,0,Fake
761,325,100037262951958,bihar.india.5059,8548.0,1363.0,1698.0,1543.0,1375.0,1892.0,9,0.0,9,0,Fake
762,326,100050421610195,karnisena.bihar.98,8548.0,927.0,4705.0,4499.0,4270.0,4978.0,9,0.0,9,0,Fake
763,327,100045107764250,india.bihar.9699,8548.0,1019.0,695.0,668.0,6.0,284.0,9,0.0,9,0,Fake
764,328,100054514629683,india.bihar.7359,8548.0,1588.0,5.0,120.0,806.0,6.0,9,0.0,9,0,Fake
765,329,100048412010168,india.bihar.7334,8548.0,1175.0,81.0,446.0,302.0,281.0,9,0.0,9,0,Fake
766,330,100044414745980,100044414745980,8548.0,1611.0,152.0,173.0,645.0,2001.0,9,0.0,9,0,Fake
767,331,100047663633036,india.bihar.146,8548.0,1545.0,392.0,222.0,192.0,6.0,9,0.0,9,0,Fake
768,332,100052644157750,india.bihar.792,8548.0,1140.0,9626.0,24.0,827.0,446.0,9,0.0,9,0,Fake
769,333,100045133110383,india.bihar.374,8548.0,1564.0,707.0,209.0,149.0,25.0,9,0.0,9,1,Genuine
770,334,100054298532236,plurals.bihar.334,8548.0,1444.0,115.0,372.0,516.0,185.0,9,0.0,9,0,Fake
771,0,100051370636383,bihar.like.7,8548.0,957.0,383.0,288.0,262.0,420.0,9,0.0,9,1,Genuine
772,1,100049976598444,patnamuseum.bihar,8548.0,788.0,8.0,95.0,122.0,486.0,9,0.0,9,0,Fake
773,2,100022255934731,sonaindia.bihar,8548.0,1484.0,315.0,141.0,599.0,646.0,9,0.0,9,0,Fake
774,3,100027305468733,bihar.india.927,8548.0,1284.0,367.0,227.0,314.0,228.0,9,0.0,9,0,Fake
775,4,100048053370606,bihar.india.353,8548.0,978.0,460.0,147.0,397.0,417.0,9,0.0,9,0,Fake
776,5,100046759764372,khan.bihar.5,8548.0,1642.0,2367.0,2617.0,2456.0,3288.0,9,0.0,9,0,Fake
777,6,100047554560745,india.bihari.58,8548.0,1196.0,2391.0,760.0,671.0,992.0,9,0.0,9,0,Fake
778,7,100049076680740,India Indiana,8548.0,1612.0,458.0,491.0,719.0,263.0,9,-2.0,9,0,Fake
779,8,100053365995063,rishikeshwinfinith.india,8548.0,1594.0,183.0,269.0,119.0,548.0,9,0.0,9,0,Fake
780,9,100052345163116,bihar.patna.7311,8548.0,1073.0,14.0,25.0,645.0,1998.0,9,0.0,9,0,Fake
781,10,100050677193006,badlo.bihar.982,8548.0,1246.0,560.0,106.0,608.0,201.0,9,0.0,9,0,Fake
782,11,100050107333034,bamcef.bihar,8548.0,859.0,35.0,213.0,33.0,274.0,9,0.0,9,0,Fake
783,12,100053174019212,bihar.raj.5454,8548.0,885.0,1266.0,1560.0,1171.0,1807.0,9,0.0,9,0,Fake
784,13,100054044434529,Bihar India,8548.0,1176.0,998.0,463.0,1243.0,1250.0,9,0.0,9,0,Fake
785,14,100052119520148,all.bihar.5,8548.0,1164.0,171.0,64.0,464.0,463.0,9,0.0,9,0,Fake
786,15,100051218835984,"Cmf India
(Child mother foundation)",8548.0,790.0,571.0,207.0,906.0,390.0,9,0.0,9,0,Fake
787,16,100050236961704,india.bihar.338,8548.0,1453.0,285.0,28.0,634.0,753.0,9,0.0,9,0,Fake
788,17,100048540901853,bihar.india.3557,8548.0,686.0,454.0,145.0,477.0,27.0,9,0.0,9,0,Fake
789,18,100047232545961,bihar.india.7161,8548.0,1269.0,465.0,248.0,345.0,571.0,9,0.0,9,0,Fake
790,19,100054433659602,bihar.india.9231,8548.0,1077.0,289.0,183.0,611.0,31.0,9,0.0,9,0,Fake
791,20,100047456649645,bihar.india.399,8548.0,1514.0,784.0,959.0,1430.0,1691.0,9,0.0,9,0,Fake
792,21,100028263077055,India Bihar,8548.0,1335.0,499.0,37.0,618.0,97.0,9,-2.0,9,1,Genuine
793,22,100007651990763,India Chhattisgarh,8548.0,1029.0,844.0,87.0,4.0,104.0,9,-2.0,9,1,Genuine
794,23,100049564744825,india.chhattisgarh.75,8548.0,1152.0,5811.0,323.0,1015.0,478.0,9,0.0,9,1,Genuine
795,24,100009844897646,India Chhattisgarh,8548.0,1139.0,110.0,154.0,435.0,1.0,9,-2.0,9,0,Fake
796,25,100007107577471,Chhattisgarh India,8548.0,800.0,668.0,156.0,39.0,371.0,9,0.0,9,1,Genuine
797,26,100049117936813,Jyoti India Chhattisgarh,8548.0,944.0,722.0,576.0,238.0,6.0,9,-2.0,9,0,Fake
798,27,100051020316087,mlmindia.chhattisgarh,8548.0,932.0,104.0,170.0,546.0,275.0,9,0.0,9,0,Fake
799,28,100045116403494,indiachhattisgarh.amrit,8548.0,1556.0,74.0,229.0,43.0,7.0,9,0.0,9,0,Fake
800,29,100046408386006,Sanjh Sahu,8548.0,952.0,678.0,565.0,126.0,300.0,9,0.0,9,0,Fake
801,30,100029640623430,pmi.indiachhattisgarh,8548.0,721.0,590.0,521.0,503.0,238.0,9,0.0,9,0,Fake
802,31,100003154701645,bjpitkorba.chhattisgarh,8548.0,1576.0,1085.0,1071.0,1153.0,1768.0,9,0.0,9,0,Fake
803,32,100003392974066,chhattisgarh.samaj,8548.0,995.0,3773.0,4011.0,4106.0,4215.0,9,0.0,9,0,Fake
804,33,100052476961843,chhattisgarh.india.393,8548.0,850.0,2784.0,699.0,84.0,507.0,9,0.0,9,1,Genuine
805,34,100002361106995,bilaspur.chhattisgarh.7,8548.0,1566.0,783.0,790.0,700.0,4.0,9,0.0,9,0,Fake
806,35,100004064784738,chhattisgarh.chhattisgarh,8548.0,1279.0,571.0,369.0,277.0,286.0,9,0.0,9,0,Fake
807,36,100028499461281,chhattisgarh.india.1,8548.0,1196.0,41.0,766.0,939.0,126.0,9,0.0,9,0,Fake
808,37,100045268236633,mlmchhattisgarh.india.1,8548.0,845.0,812.0,172.0,169.0,632.0,9,0.0,9,0,Fake
809,38,100002875340616,india.chhattisgarh,8548.0,1340.0,278.0,712.0,202.0,204.0,9,0.0,9,0,Fake
810,39,100044115610139,chhattisgarh.chhattisgarh.501,8548.0,1089.0,1535.0,127.0,94.0,636.0,9,0.0,9,0,Fake
811,40,100043305010920,minifootball.chhattisgarh.5,8548.0,1299.0,2119.0,272.0,116.0,154.0,9,0.0,9,0,Fake
812,41,100012069581473,li.chhattisgarh,8548.0,1005.0,888.0,600.0,547.0,34.0,9,0.0,9,1,Genuine
813,42,100006048066468,chhatisgarh.india,8548.0,1382.0,284.0,940.0,758.0,9.0,9,0.0,9,0,Fake
814,43,100051568390187,saret.india.7,8548.0,1385.0,1693.0,293.0,246.0,269.0,9,0.0,9,0,Fake
815,44,100003005305763,channelindia.chhattisgarh,8548.0,1148.0,1539.0,406.0,2180.0,1828.0,9,0.0,9,0,Fake
816,45,100004068091674,Cap Chhattisgarh India,8548.0,1527.0,488.0,45.0,562.0,630.0,9,0.0,9,0,Fake
817,46,100015261182215,keva.chhattisgarh,8548.0,1050.0,1529.0,165.0,318.0,111.0,9,0.0,9,1,Genuine
818,47,100007424596624,itcell.chhattisgarh,8548.0,1048.0,2353.0,2879.0,2423.0,3176.0,9,0.0,9,0,Fake
819,48,100031041382438,south.chhattisgarh,8548.0,801.0,256.0,445.0,208.0,346.0,9,0.0,9,1,Genuine
820,49,100009842414774,Alm Plc Chhattisgarh India,8548.0,1426.0,977.0,801.0,700.0,14.0,9,0.0,9,0,Fake
821,50,100009854948728,Wake Up Chhattisgarh,8548.0,786.0,4061.0,166.0,557.0,996.0,9,0.0,9,0,Fake
